rank,hover,alpha,size,ctrl,num_props,quad_flag
1,ST,10.805584292308621,0.1816724789252699,2219.702658793323,7,1
10,ST,7.1097560201878665,0.7834320709794279,178.21997871483848,6,0
11,ST,4.816942410944987,0.4365050156165588,510.017715928171,8,0
11,ST,6.0242362849249,0.634211904377658,551.1646572798331,6,0
33,SP,7.933020548093224,0.08890061640154813,0.0,6,0
56,N,0.0,0.25185514764119227,0.0,4,0
38,SP,8.042083771394843,0.41336260904659156,0.0,7,0
10,ST,4.360240081509872,0.7660545869027126,769.2089911770512,8,0
10,ST,6.556485316122711,0.47238900172717146,430.1588782266618,6,0
32,SP,5.494489684416639,0.05006282792147306,0.0,4,0
23,ST,2.3837930816174544,7.101647102155363,3.6892072413774293,8,0
22,ST,2.5807093834170156,10.549895390629276,7.762337430827407,7,0
48,SP,4.01668482144652,0.6039277279992894,0.0,4,0
15,ST,4.133988673435553,0.8160352769285085,70.71348287167858,4,0
44,SP,5.563652162302729,0.6005943708973353,0.0,6,0
38,SP,6.07016664027803,0.2364604703991184,0.0,4,0
23,ST,2.4035652303503183,11.593296362235831,2.691771407384799,7,0
5,ST,6.745658196299298,0.3193023571139683,2280.2025478335195,8,0
56,N,0.0,0.6141130612746384,0.0,6,0
32,SP,10.318645240808301,0.10604161859832197,0.0,4,0
30,SP,10.851253740843058,0.08773040234902107,0.0,5,0
18,ST,3.7148169370202115,3.582940435020955,28.195756874059597,8,0
31,SP,9.03663502718231,0.08773912094733644,0.0,4,0
9,ST,4.29206543436774,0.1720769713629521,876.8525461570264,6,0
11,ST,7.475723413708487,1.8331561211906031,41.30749899212722,6,0
17,ST,4.894548349043173,3.061318164227918,15.480049740411177,8,0
7,ST,7.847451760599771,0.47698012364797626,151.7948694344968,7,0
9,ST,7.173724720187184,0.7738800527814894,419.61903925675887,8,0
8,ST,6.338344395559763,0.4102748037121572,862.1266188603119,8,0
15,ST,3.4021053241006363,1.3308275267476675,99.70373522265608,6,0
20,ST,3.7618348486066036,4.3928331852513685,10.550306844172372,7,0
14,ST,5.7729319020212495,1.3501061918209836,130.1677858842013,8,0
11,ST,6.946030205214603,1.1653856304716566,161.36340201662642,8,0
5,ST,6.623524860330964,0.1852964498840591,1930.5180644667878,6,0
5,ST,9.0236507938938,0.31130964336385325,492.9780675629916,6,0
37,SP,5.979347694895488,0.11613099218974038,0.0,5,0
11,ST,6.864449296227916,0.9477080838665372,51.91483791936619,7,0
40,SP,6.6303002655708765,0.402021474467418,0.0,6,0
6,ST,8.60967995463757,0.45380706084571515,386.497043548656,8,0
9,ST,6.1675998030656185,0.292455445992652,152.69984048995238,5,0
5,ST,7.767985953554386,0.20400152079195985,1934.116280081748,6,0
36,SP,6.1004067036202105,0.09265491605262312,0.0,4,0
4,ST,8.889055551949976,0.262696040664271,824.0307084024494,6,0
17,ST,3.910274065181849,1.6567043102024996,45.39888105281527,8,0
5,ST,8.6425650000398,0.359014416201787,2138.4987501605647,7,0
39,SP,7.265315575834497,0.29901881774389266,0.0,6,0
56,N,0.0,0.23996416901791304,0.0,5,0
20,ST,3.9477686520245063,8.155614415382692,8.361290018006688,8,0
33,SP,10.134537482236812,0.12301364060182238,0.0,4,0
50,SP,3.21737271859882,2.1740642706171767,0.0,5,0
33,SP,6.02028726493947,0.06534449699145253,0.0,5,0
44,SP,4.020582200268958,0.2943043302363915,0.0,6,0
4,ST,5.317433736029034,0.12149946636725999,4518.225181609103,6,0
34,SP,6.52845178435653,0.08377441057612534,0.0,4,0
34,SP,7.793062511231381,0.10457465427306827,0.0,5,0
36,SP,7.995367963890461,0.21683497143246439,0.0,6,0
10,ST,5.450591325351691,0.27013328333776065,16.100703144719965,4,0
43,SP,5.568957379907096,0.3854232412947551,0.0,4,0
2,ST,10.990928853303814,0.24602093445162235,1011.3085704611686,6,0
6,ST,5.418739187070322,0.09791125230962909,692.4244234053405,4,0
1,ST,8.229579660676595,0.05841409187420668,13530.69593749601,4,0
6,ST,5.175836168235944,0.13831964666630048,2209.526335736421,6,0
16,ST,4.538918113209364,1.0338233650418864,54.47372313178375,6,0
56,N,0.0,0.5990057507175157,0.0,5,0
9,ST,6.8833438555853155,0.25967331746999034,122.25039384599008,5,0
5,ST,5.814003047319745,0.13711179138654783,2505.114929938945,5,0
4,ST,6.486983787706542,0.12602508999775788,6398.3955356016195,5,0
33,SP,7.158873124298248,0.08695389464442596,0.0,5,0
32,SP,5.704355162340242,0.053028924755335514,0.0,4,0
6,ST,5.254939133612934,0.15577301269303467,2973.4545027985137,5,0
56,N,0.0,0.18118735741448128,0.0,6,0
11,ST,4.945496646651088,0.33353334260690365,174.18488483674182,8,0
4,ST,7.375582643881455,0.14099549107981169,1610.584926585335,6,0
42,SP,4.928046074654677,0.28109378820739295,0.0,5,0
56,N,0.0,0.2743109322590488,0.0,4,0
49,SP,4.524999163936585,2.310023946298018,0.0,6,0
56,N,0.0,2.1673002264558585,0.0,4,0
31,SP,9.5039629688546,0.09643643882224112,0.0,6,0
9,ST,7.989256611981372,1.7436146309310785,24.178158095537565,8,0
11,ST,5.85660316176233,0.49773409698982507,272.5339926760648,7,0
47,SP,4.842100483267761,1.1480317669889404,0.0,7,0
14,ST,4.404778933884466,1.1086851633572354,157.49535519426465,7,0
34,SP,9.797822503864513,0.20191979485649314,0.0,6,0
37,SP,5.2368960944914695,0.0934934232980132,0.0,4,0
41,SP,5.159159506554116,0.268090831455018,0.0,6,0
56,N,0.0,0.17540188293097522,0.0,4,0
8,ST,5.705043394950074,0.6105707214257182,863.4495483727515,7,0
4,ST,7.529196972847973,0.13192048633447714,784.8243977991093,5,0
33,SP,9.037897777215925,0.10292201530679877,0.0,5,0
41,SP,7.309986594443396,1.3241444239669553,0.0,7,0
1,ST,8.121782916423824,0.03841373275689669,12070.124082108488,4,0
7,ST,8.024731671211116,0.7697414027013589,337.7134392299813,7,0
35,SP,6.206704630412719,0.08383174967135669,0.0,4,0
13,ST,3.2568312036337925,1.1855467164145985,392.06709158428805,7,0
56,N,0.0,0.18244779741049857,0.0,6,0
37,SP,7.782150070722448,0.26942679530565955,0.0,7,0
1,ST,10.521927055390604,0.11177108352006984,3379.391552574943,6,0
48,SP,4.359828701336023,1.2325900248933803,0.0,5,0
6,ST,7.826344673436389,0.3771440413615613,438.80409018217216,8,0
33,SP,6.314991313411627,0.0766770814869944,0.0,4,0
6,ST,7.379734444326305,0.26552486314191914,1039.233720449405,6,0
34,SP,9.355697353912694,0.1548460880299624,0.0,6,0
56,N,0.0,0.1228916274683084,0.0,4,0
56,N,0.0,1.0886933218464871,0.0,6,0
33,SP,6.646106156705141,0.08287492168527358,0.0,5,0
56,N,0.0,0.08933852548607034,0.0,5,0
9,ST,5.421763314281279,0.3301617434487481,762.02682910791,7,0
37,SP,7.900181706784327,0.2832460377763152,0.0,5,0
3,ST,5.536240842317541,0.05936433338590354,7415.600705471894,4,0
19,ST,4.723048179710242,7.420031293603323,2.9817432630138248,8,0
3,ST,4.931747914547352,0.1341229781936449,9524.694684459233,6,0
2,ST,7.985681973759119,0.07143380586487462,12016.453013001485,5,0
56,N,0.0,0.041696703071497226,0.0,4,0
56,N,0.0,0.42912217866095037,0.0,5,0
15,ST,4.659599854717847,0.918224573610851,69.89105165743487,7,0
24,ST,1.3945105144052052,13.718267711741213,2.3981852349274764,8,0
56,N,0.0,0.11489313938936405,0.0,6,0
8,ST,6.442017303881218,0.3034499222604339,369.8499524775494,6,0
4,ST,9.76956735503113,0.37540554509893104,380.4390552480646,6,0
50,SP,2.931628799038844,0.8497656130925939,0.0,6,0
15,ST,5.675565505438496,1.9522110423846293,65.92751051536,8,0
5,ST,7.822348262369632,0.33003058638100496,994.5300109976052,8,0
40,SP,6.203243953915672,0.37139756920514,0.0,5,0
42,SP,6.498345505133111,0.6025655206072783,0.0,5,0
46,SP,4.709781117668964,0.536449697130874,0.0,5,0
48,SP,4.8807750994666455,1.5956105689536988,0.0,5,0
42,SP,6.834872050945993,1.5861296382481112,0.0,6,0
1,ST,8.938672797285388,0.08580129988979307,3209.4911772976343,5,0
56,N,0.0,0.18311791846120032,0.0,6,0
10,ST,7.4389576582960855,1.2425464043451442,156.3819938714787,8,0
8,ST,7.62796848124075,0.6892777365846895,326.39635625438,7,0
50,SP,3.478880937081429,4.574983842068397,0.0,5,0
4,ST,6.008081130108013,0.09125678107165182,1561.4709367979522,5,0
39,SP,6.036850780939491,0.25343274952650624,0.0,4,0
34,SP,6.0126264079283676,0.07008637586405134,0.0,4,0
49,SP,3.6320782343519316,1.1816563638812512,0.0,5,0
9,ST,4.842705195264154,0.36168326386077165,894.6081450664235,5,0
6,ST,7.846751625969834,0.5472379200481645,919.2954249782778,7,0
25,ST,2.165736539592275,30.0335412831357,0.5593965198355094,7,0
6,ST,7.812876105969757,0.3495771954924051,208.05044140470193,8,0
4,ST,5.422584811586766,0.06200229211902818,3803.5816639709114,4,0
22,ST,3.2367964552902255,8.58054605385609,4.991766591492935,8,0
32,SP,8.584747822957295,0.08850761859356951,0.0,4,0
6,ST,5.462146126807698,0.16641437575299273,2866.2712099506866,5,0
45,SP,5.81104398929971,0.9624356425918736,0.0,6,0
6,ST,5.87335326849365,0.1343110121452249,572.6378581773015,5,0
43,SP,6.2163832572000235,0.7461374030108674,0.0,5,0
31,SP,6.378196622558968,0.046946408892528005,0.0,4,0
56,N,0.0,0.18516551703094367,0.0,4,0
56,N,0.0,0.07192388577926742,0.0,4,0
8,ST,7.5012222420047765,0.48461385766141135,256.08169566857015,7,0
7,ST,5.939056316577696,0.33405234489028135,1185.7909449699332,7,0
32,SP,6.841207392288286,0.07473662172157611,0.0,4,0
18,ST,4.8590441190524185,5.302319211101892,6.212935943017687,8,0
17,ST,3.0405346465073455,1.1782414672963377,23.360234585042544,5,0
18,ST,4.833946793265534,4.198106023180037,11.530369833554905,8,0
56,N,0.0,1.540724725840277,0.0,5,0
6,ST,8.860745305614339,0.8112060044558149,239.52059837987372,8,0
45,SP,3.2973262073540783,0.42322482079173335,0.0,4,0
4,ST,6.661628799824901,0.0954542868625062,2940.020545358433,4,0
48,SP,5.614791951392903,2.1750891915659243,0.0,7,0
56,N,0.0,0.21812913034538167,0.0,6,0
15,ST,5.430524729690429,1.2814425409122243,85.70383675613333,7,0
23,ST,2.3056321236422987,7.551186913215119,6.051990370308981,7,0
35,SP,9.898721010748526,0.3593035804449076,0.0,7,0
46,SP,5.740854692084864,1.0563562532624375,0.0,6,0
6,ST,9.075330885469564,1.2001306034076968,126.07386649656735,8,0
37,SP,7.895306163129627,0.27171685940747,0.0,6,0
21,ST,3.5553107760121847,7.417971927705827,2.51823906779028,6,0
9,ST,5.397322952859334,0.24577225038993758,518.5412622865731,6,0
8,ST,7.283351103704812,0.5459324577302099,612.5600291729212,8,0
18,ST,4.1386501254868255,3.5280410570737692,15.103092486295019,6,0
48,SP,4.471754774169649,1.3557988871001716,0.0,4,0
9,ST,5.2557332474304275,0.16091624875385357,797.4391436990646,5,0
44,SP,5.379005419367748,0.43021410304943014,0.0,5,0
56,N,0.0,0.047117197151331336,0.0,4,0
13,ST,6.136688129209184,1.1626973360971558,104.34307777003866,7,0
4,ST,9.029146205619567,0.2697437038539443,212.72545732735054,7,0
11,ST,6.3673140244002315,0.6761477272544496,497.4421189150416,7,0
3,ST,10.6872906702282,0.566535045878835,770.3787993746352,8,0
19,ST,4.046008645967749,3.732250565094549,21.355818256275125,6,0
56,N,0.0,0.12377730216451024,0.0,5,0
13,ST,5.695758206323605,0.9933431111678123,139.7276473207112,7,0
31,SP,7.951444146983192,0.08736359329145721,0.0,5,0
16,ST,3.786342091381246,0.9812613537899987,59.04845809122226,6,0
37,SP,8.406667202913356,0.4082705209180181,0.0,7,0
56,N,0.0,0.16359972460064207,0.0,4,0
36,SP,8.44488939822417,0.24312124257178352,0.0,5,0
14,ST,5.477938590127322,1.17015847671567,140.26822899620996,7,0
56,N,0.0,0.09326641059165428,0.0,4,0
47,SP,5.514547992966143,1.1808533997057356,0.0,6,0
16,ST,4.654372987771568,1.7393942865475387,104.17709561903685,7,0
8,ST,4.816642867766572,0.3152187496921152,1173.7480543933125,5,0
12,ST,6.237220146495488,0.7460882651740499,370.6356645746042,8,0
50,SP,2.9648759975753167,1.0061917558764804,0.0,8,0
20,ST,3.5097749795868225,3.245418503402033,15.424904435218153,8,0
19,ST,4.210578000006267,4.484831479057821,17.115080097800533,8,0
10,ST,6.137768491411752,0.5238253851089045,572.3603435055974,8,0
1,ST,11.961071670935508,0.14982360544077392,739.2552965666448,7,0
56,N,0.0,0.14665215067471088,0.0,5,0
4,ST,8.058174155379923,0.23512896305160574,1230.1688572956818,7,0
5,ST,7.863619890473596,0.19067056092486018,545.440810130975,6,0
42,SP,6.347663781902864,0.5229576283981654,0.0,7,0
35,SP,7.081239303300009,0.1217149895579864,0.0,6,0
43,SP,6.35729766087254,4.317022818491265,0.0,8,0
49,SP,3.685843311719915,1.5233184187237527,0.0,7,0
3,ST,8.598017591642213,0.2142816547129557,1980.2158018893033,7,0
11,ST,4.726036636495415,0.20199539833450278,313.4577883866268,4,0
44,SP,5.426468124028428,0.4471845777426216,0.0,4,0
9,ST,6.5820795893303625,0.3736486818172059,143.32838276007774,6,0
11,ST,3.514655796132433,0.7203356046165991,617.0705415817871,6,0
39,SP,7.225834392893008,0.2918999310664776,0.0,5,0
21,ST,3.810321859124336,8.928105414806797,5.5916669128446435,8,0
39,SP,4.899327331074801,0.15992281789419793,0.0,4,0
56,N,0.0,0.0611364373670562,0.0,4,0
38,SP,7.600221674632159,0.30983135114425087,0.0,6,0
40,SP,6.806698613501866,0.4965246847452719,0.0,5,0
18,ST,2.2799059159854806,1.896111213966607,45.076888825964176,6,0
29,SP,11.115152908572986,0.0396488110051186,0.0,4,0
49,SP,3.072548038585671,0.6810151020132993,0.0,5,0
8,ST,7.425614458709303,0.3608762646742423,274.74929551995905,6,0
12,ST,4.442985046811107,0.44159042566841694,475.2705758887421,8,0
36,SP,6.406937498587838,0.14230131798798806,0.0,4,0
56,N,0.0,0.4825670241526608,0.0,8,0
56,N,0.0,0.3582713244927323,0.0,5,0
54,SP,1.765621865931237,23.072933615926637,0.0,8,0
56,N,0.0,0.32237805874667214,0.0,6,0
13,ST,3.635695954883489,0.28805257517936567,367.32545268956767,7,0
41,SP,4.480592636722139,0.19958845939234698,0.0,5,0
7,ST,7.5881564044572585,0.4209121515132951,676.3356043692087,6,0
32,SP,9.604160093325966,0.10254485438149744,0.0,5,0
9,ST,5.496192315162748,0.3734333368794646,211.51903897364383,5,0
8,ST,4.356909299324611,0.2417397316632346,1176.5155453870207,5,0
3,ST,8.056657947914294,0.08075864586326682,2957.910391310688,4,0
36,SP,5.992074036309319,0.08828824660319691,0.0,5,0
26,ST,1.7781213312260276,31.079166340739476,0.6409152800501515,7,0
56,N,0.0,0.10986317025505804,0.0,4,0
56,N,0.0,0.05097669413902858,0.0,4,0
40,SP,5.247353522640013,0.23455982045755358,0.0,6,0
2,ST,11.920512163379836,0.3413062030849943,1171.9687438125477,8,0
14,ST,5.051955390164614,1.3637345045044902,299.6194333162124,8,0
7,ST,5.259756277224122,0.21207647434205124,1519.640520621433,7,0
41,SP,5.93470286237211,0.2773251696427921,0.0,5,0
5,ST,5.969301353570946,0.11708984523632973,2173.634610812762,5,0
35,SP,4.629294683881812,0.07607165665204116,0.0,4,0
40,SP,7.960318888017913,1.391772856376206,0.0,7,0
30,SP,9.276326671612615,0.0690189470785119,0.0,4,0
5,ST,6.4023175450223,0.13484237474341015,1215.249584060977,5,0
6,ST,6.666323767053597,0.28997967267475405,1293.8575719104233,7,0
11,ST,7.172803988492815,1.5593222208657715,47.9114984865583,7,0
35,SP,8.847760748528074,0.13467943556570097,0.0,5,0
19,ST,4.24206294721247,3.704082604475108,5.159108479459395,7,0
4,ST,9.855878133218553,0.5304437388120585,604.2709682053192,8,0
3,ST,8.794895447396522,0.2826255878601906,1905.9032167856378,7,0
11,ST,5.903449365999702,0.5234665117390326,89.1665299386655,7,0
56,N,0.0,0.09183232883219594,0.0,4,0
15,ST,2.8682405058104474,1.2080939662327739,126.89505769134243,8,0
53,SP,2.285135373496374,20.997483368351993,0.0,8,0
10,ST,3.9139592722769416,0.3542961076667407,856.156129761454,7,0
41,SP,5.009325337550235,0.22101605579992145,0.0,4,0
10,ST,6.435086578833739,0.535107679758172,534.7023087124226,8,0
37,SP,8.562584567595062,0.8211320082337993,0.0,7,0
19,ST,3.583202150394267,3.2119633655960476,21.357548122558484,8,0
34,SP,6.914209305244071,0.10012867965948616,0.0,4,0
18,ST,4.36817002426131,2.3907063580575536,8.090692951459502,7,0
2,ST,8.176497339253071,0.06009439756235491,7544.881108380734,4,0
9,ST,6.2023144683249765,0.2573222793493969,56.053538346902286,4,0
37,SP,8.348513318964198,0.37690047754565337,0.0,8,0
56,N,0.0,0.08357527006628769,0.0,5,0
30,SP,10.784125450823742,0.06964343505423123,0.0,5,0
1,ST,8.733111089584016,0.07981846556781126,5130.10976872839,6,0
15,ST,4.553204739608012,0.8307819567434058,34.17063114490317,6,0
2,ST,9.219565731220714,0.15075095707309474,897.3008352600666,5,0
11,ST,6.824504643527854,0.7862778364062812,63.04997619971303,8,0
7,ST,5.655100793724397,0.11784378698044815,1481.6410505239867,5,0
3,ST,8.697018933373213,0.28300286437338884,2871.991778686223,7,0
56,N,0.0,0.6861947923998014,0.0,5,0
56,N,0.0,0.082887703650084,0.0,4,0
8,ST,6.527389915221165,0.2804413305047977,230.93036503366596,7,0
56,N,0.0,0.09013595890112495,0.0,5,0
39,SP,5.413717546025192,0.1673238379596597,0.0,5,0
31,SP,10.339554836456895,0.09747605611275283,0.0,6,0
4,ST,7.486135342986257,0.1009919687866143,1130.0525147772016,4,0
56,N,0.0,0.35948668343935625,0.0,6,0
56,N,0.0,0.03784869436548808,0.0,4,0
8,ST,5.455333024271837,0.46775103433597764,912.8393806726754,6,0
14,ST,6.035209731249274,1.280333309263226,77.49801395142912,6,0
21,ST,2.7402506750079483,4.765980022736284,6.801398827222362,7,0
1,ST,14.344535184795737,0.15258408529774162,1196.82480464502,8,0
4,ST,7.790288578594121,0.16236496831647082,2749.2528729805204,6,0
4,ST,6.989020386966154,0.08193416720555043,139.5489852574515,5,0
56,N,0.0,0.15194652866510827,0.0,4,0
56,N,0.0,2.595298633255613,0.0,4,0
11,ST,5.764881958836994,0.555672510510023,276.1430714799605,8,0
2,ST,8.708819473625924,0.2044265741673303,2573.63099507923,6,0
33,SP,9.354215919350734,0.10487542627020022,0.0,4,0
39,SP,8.280552945953813,0.72873528330759,0.0,6,0
9,ST,4.383405957537026,0.25208329178995276,826.7455166097916,7,0
46,SP,4.899911632512806,0.6285010073030916,0.0,4,0
23,ST,2.5141410971554414,15.752257186422195,3.099633300811866,8,0
10,ST,7.561208730364093,1.3649264100033216,157.4498303708191,8,0
8,ST,6.995971203894288,0.21961304917102542,158.78619057266255,6,0
6,ST,5.774547783448213,0.11056888256567984,1531.1144915888824,4,0
10,ST,5.0495068684302025,0.1748008874731508,719.5830502143541,4,0
51,SP,3.2677282091981388,20.54308071039726,0.0,8,0
14,ST,3.8126987956754133,0.5222057566909933,62.39117378688104,5,0
5,ST,7.4401672715762714,0.17360505007159308,882.0300614155592,6,0
48,SP,3.8284833943163896,0.6035837851950921,0.0,7,0
3,ST,9.658268373429204,0.21782647107884656,1021.2047055572241,7,0
2,ST,9.886162308025927,0.19636164008051957,1786.0977254200932,6,0
50,SP,3.4423173878706064,3.8207791281802037,0.0,7,0
30,SP,7.14976719737773,0.04591006892326765,0.0,4,0
16,ST,3.6136892539666343,2.8830602270288854,137.41601214996064,7,0
56,N,0.0,0.11571744414893453,0.0,6,0
55,SP,1.2172352549563736,308.57448966312893,0.0,8,0
56,N,0.0,0.594204052302631,0.0,7,0
30,SP,8.810573386292816,0.06436199264916956,0.0,4,0
1,ST,9.615663399568366,0.11020744571640223,442.10671316144067,5,0
42,SP,5.853910022222681,0.31434665967595743,0.0,6,0
32,SP,6.066381530941951,0.06477591823077347,0.0,4,0
13,ST,5.911895180362672,1.0739172819379983,334.0643180039214,8,0
11,ST,6.796702083366003,0.9274330046225571,79.78989163191838,8,0
56,N,0.0,0.6779557871075076,0.0,6,0
3,ST,6.613549132760883,0.0983105282096013,6778.447286383742,6,0
7,ST,7.51209019407807,0.21451639654574864,495.52480233712123,5,0
56,N,0.0,0.6253350651765168,0.0,5,0
56,N,0.0,0.09507433610806554,0.0,5,0
13,ST,4.193187146193011,0.48097867543222594,78.96772909030544,5,0
13,ST,6.367434739685571,1.4224778895891612,16.292387974789545,7,0
4,ST,8.86348707791911,0.27967747116345,993.5170485331802,8,0
22,ST,3.450452033732779,11.71222596497682,3.588905150342058,8,0
16,ST,5.509824811380195,3.788984254201595,35.26223614406808,8,0
56,N,0.0,0.46121387526361085,0.0,6,0
38,SP,7.472100218698161,0.28182552516173814,0.0,5,0
6,ST,6.409534284373022,0.25664030085091677,1565.7043251442403,8,0
56,N,0.0,0.3107383865009222,0.0,7,0
18,ST,4.6565563106174235,6.52787090003616,12.323004963374244,8,0
56,N,0.0,0.2862773672034825,0.0,4,0
15,ST,5.982420908956389,2.0121287274981876,38.09349912469023,8,0
39,SP,4.549599948077014,0.13510807330256092,0.0,4,0
41,SP,6.416214358109833,0.4239336288630057,0.0,7,0
37,SP,6.302366181071519,0.19421581783301267,0.0,5,0
11,ST,6.493724647232252,0.6058842285683921,312.15354822676187,7,0
56,N,0.0,0.9272143387620619,0.0,4,0
46,SP,5.826465920838689,1.3081099011422817,0.0,7,0
9,ST,4.471782669172612,0.6221680156024945,989.6810952653763,6,0
34,SP,10.010317569173594,0.20966783062464459,0.0,5,0
21,ST,3.39835203537519,6.226456561636256,5.437400068998402,7,0
42,SP,5.590367533630331,0.30000470526864276,0.0,6,0
56,N,0.0,0.1208771667416784,0.0,5,0
30,SP,6.977588936358587,0.040903714551027294,0.0,4,0
11,ST,6.581404379830867,0.6557412925724675,411.934938915736,7,0
11,ST,6.006727345198035,0.49014211340342384,53.32759547408831,5,0
3,ST,9.067409643652185,0.1250326996693323,572.5311470857501,5,0
56,N,0.0,0.06209834393954733,0.0,4,0
45,SP,5.020783833290691,0.4929609090817918,0.0,7,0
45,SP,3.9795220921117824,0.43498502068432754,0.0,6,0
14,ST,6.071752627254245,3.059967950770815,16.451250589960587,7,0
43,SP,4.977101498566839,0.3051631612445177,0.0,6,0
5,ST,3.6760378947875982,0.1000295541669051,4442.062300751001,6,0
46,SP,5.608168801641786,1.028058115228535,0.0,6,0
6,ST,8.254865012396797,0.39128337273651226,279.8034364093328,8,0
21,ST,2.610208734045847,3.228790631894427,4.276315943835294,5,0
18,ST,4.094574681388967,1.8909334920775478,24.94245347035283,7,0
7,ST,8.45491021826515,0.4945073495890646,334.2908184754553,8,0
56,N,0.0,0.1442650494129752,0.0,5,0
8,ST,7.6305106987953515,0.567806344487814,318.0395463447887,8,0
28,ST,1.526441251701586,47.35207650702296,0.20214676386334876,8,0
42,SP,6.540576237084487,0.8160373503670805,0.0,8,0
6,ST,6.457815282743832,0.20196202116776749,58.313320852417405,4,0
10,ST,6.697378050367838,0.5645681678296217,499.22982960377357,8,0
17,ST,5.039223266963872,6.173345421952832,7.697142329240099,8,0
5,ST,7.203393221883399,0.19968876705721766,1487.2638875355344,5,0
34,SP,9.574995338454134,0.1614731670163902,0.0,6,0
5,ST,9.0923440636111,0.5224959155265664,78.2745202471286,8,0
40,SP,5.046968993874051,0.18711351148435373,0.0,4,0
35,SP,8.139298376519347,0.12453240421066257,0.0,5,0
14,ST,5.275849921227045,0.7813817655904516,132.53181209131907,6,0
56,N,0.0,0.371631000638562,0.0,4,0
16,ST,5.419986002408702,1.9723785283850428,37.17356286083726,8,0
13,ST,6.069971758317945,1.0702420213677106,122.86539174654955,6,0
3,ST,5.665617516260646,0.09475144797187607,6498.850158639957,5,0
20,ST,3.554003626884186,6.224226471707155,11.944160783720235,7,0
56,N,0.0,0.45660943712487917,0.0,4,0
56,N,0.0,0.11238408904839674,0.0,4,0
56,N,0.0,0.11104472829653517,0.0,6,0
4,ST,9.189181728034017,0.27835177892198515,589.1284547120916,6,0
45,SP,5.187659659715127,0.7944620717663258,0.0,8,0
2,ST,11.397484245922898,0.3316152104182356,1513.071635886328,8,0
36,SP,6.5892298532531735,0.1772364705292322,0.0,5,0
8,ST,5.442715619728214,0.12973944827317155,103.96273476692899,5,0
5,ST,9.061658437189077,0.38642376662085476,242.30437717843154,8,0
2,ST,9.653364094259539,0.21045432080820936,2875.9763058816543,8,0
10,ST,5.7358998733415065,0.4137935032437247,243.62177144678182,8,0
45,SP,5.875969298101659,1.2725720126343816,0.0,6,0
7,ST,7.691998010024615,0.6475180641660413,826.1039276662099,8,0
4,ST,7.953332928849482,0.15581829312719164,2225.7329695987505,6,0
8,ST,6.441902131089478,0.6218328757701096,875.3141789864455,6,0
38,SP,7.221453494679327,0.27840502344704715,0.0,6,0
11,ST,6.785767774765949,1.1326985010346136,232.1096230992865,7,0
56,N,0.0,0.03769935344742369,0.0,4,0
35,SP,4.620827275777649,0.06585675387427031,0.0,4,0
3,ST,6.036436119815165,0.06929030531641243,3322.424087170824,4,0
38,SP,7.780443864040413,0.34878931026397036,0.0,5,0
51,SP,2.152311459517429,1.3701722557732066,0.0,8,0
12,ST,6.269567513419839,0.6371984649207528,174.96745575540672,8,0
3,ST,9.445554997486838,0.3293989369900444,1681.3571085399485,7,0
26,ST,1.9937411595395769,25.687428714173258,0.4699751878752932,8,0
42,SP,6.89952539697717,1.607320498358816,0.0,7,0
56,N,0.0,0.0948344175827748,0.0,4,0
36,SP,9.077564513047275,0.44192086624055466,0.0,5,0
33,SP,5.5898241381135465,0.06467580247424963,0.0,4,0
56,N,0.0,0.08142384488315975,0.0,4,0
8,ST,5.465417239907162,0.21910983332225661,867.556595963975,4,0
50,SP,3.1996556654575006,1.7095073183303815,0.0,5,0
4,ST,8.959765157001833,0.40865039565058275,725.141543659901,7,0
7,ST,8.68555241825196,1.0153984768903486,97.88992549826372,7,0
56,N,0.0,17.364435212135266,0.0,4,0
6,ST,8.199306544188856,0.40580718012355743,876.5320292389409,6,0
51,SP,2.843374959574228,1.9688689393083458,0.0,6,0
6,ST,8.594488503278924,0.6049718510759801,579.1257844332447,8,0
56,N,0.0,0.0837384655406685,0.0,4,0
6,ST,6.087906916937981,0.19001987568595663,1256.8980911890467,6,0
13,ST,5.445946456168778,0.902643169846652,83.53104758984979,7,0
2,ST,7.11654560508497,0.05379970763547384,7764.676229213364,4,0
43,SP,5.756549392408038,0.5236286071929038,0.0,8,0
38,SP,5.531752148367624,0.11973589180826097,0.0,4,0
56,N,0.0,0.26235472551626743,0.0,4,0
56,N,0.0,0.23619535341661219,0.0,5,0
48,SP,4.210660209361551,0.9931948217093957,0.0,6,0
43,SP,4.071479594240944,0.2573790355030829,0.0,6,0
56,N,0.0,0.17873648894959557,0.0,4,0
36,SP,6.385051532710923,0.13417757193371133,0.0,4,0
25,ST,2.3149641850646328,42.17411893000525,0.358732270862794,5,0
56,N,0.0,24.742978825805164,0.0,5,0
56,N,0.0,0.06951989534599254,0.0,4,0
32,SP,7.185720815869672,0.08200788338396776,0.0,4,0
52,SP,1.809505707982463,9.58517017116681,0.0,5,0
56,N,0.0,0.41400095511666296,0.0,7,0
35,SP,8.922195924085681,0.3266947569832352,0.0,5,0
5,ST,6.388470858408587,0.09789197010140704,1676.64256364014,5,0
12,ST,6.590803979103508,2.243238413866493,54.95183010447295,8,0
4,ST,7.94183614605956,0.23588203919202566,2887.4492525598143,7,0
15,ST,5.148187802269177,1.5747355815966029,252.91455574749529,7,0
12,ST,4.007282083762333,0.4365388484644196,271.9122876907984,8,0
15,ST,3.6797514473540063,1.3970514624774144,160.54754855716763,7,0
9,ST,7.870758888904757,1.1343848331954611,175.99032492593687,8,0
14,ST,4.115041162276127,0.7116066494950348,73.2030666522843,6,0
22,ST,2.169019289944247,3.430713291392822,0.8639207242231942,8,0
9,ST,7.653646890429123,0.7403802828306238,163.68703516259183,8,0
1,ST,9.345628988648322,0.17435918153651853,3920.3680882050835,7,0
2,ST,10.826866312947617,0.2079791683873728,1267.9630832184632,6,0
56,N,0.0,0.302488565740356,0.0,7,0
15,ST,3.4548290655608533,0.7014883153932059,21.687840959347938,6,0
11,ST,4.863883208622635,0.2154161571050302,386.078135834486,6,0
38,SP,5.171186678403667,0.11967661883211325,0.0,4,0
24,ST,2.387024541421416,19.54402443564971,0.8433684969974204,8,0
12,ST,6.700902491633333,0.8076766403106133,18.318127749102462,8,0
20,ST,3.9466006652324483,5.966067188944827,7.596065066421514,8,0
9,ST,8.05180518172483,2.76237898543566,15.21934493553931,8,0
38,SP,8.396690546849257,0.47424317616652845,0.0,6,0
22,ST,2.697341237670573,5.849073692612575,7.356357833930981,8,0
17,ST,3.910392465347621,1.434001886420724,38.04147076877854,8,0
18,ST,4.404086246294918,3.891385757282813,26.216543153526445,8,0
4,ST,8.693582479411479,0.29315832913013135,2421.119389210904,7,0
44,SP,5.999416105944902,0.9232700081185793,0.0,5,0
3,ST,8.249044765613544,0.16573134995556119,1420.1406446464912,6,0
6,ST,7.684308334583286,0.30421053655872754,1107.58532427993,6,0
29,SP,12.319594613591082,0.44030259006727424,0.0,8,0
2,ST,9.189411713575803,0.11339407429352441,1426.835553073717,5,0
56,N,0.0,0.04038629000894586,0.0,4,0
35,SP,4.699648487562408,0.0792943145443082,0.0,5,0
4,ST,6.736005338175602,0.10718096688785009,2798.544524194631,4,0
47,SP,2.2664274562471762,0.5479030273027108,0.0,6,0
56,N,0.0,0.29492225289070434,0.0,5,0
40,SP,5.934757203063581,0.2685351075994089,0.0,4,0
56,N,0.0,0.23464516600847254,0.0,6,0
14,ST,4.287379756298365,0.883839285470609,194.65932891553607,7,0
8,ST,7.443580903766656,0.3973388998198323,216.8349623858903,8,0
16,ST,3.6751898311087046,0.8427881093657209,14.390525063754806,5,0
34,SP,5.186145997080222,0.06502510247506772,0.0,4,0
41,SP,6.547957483183723,0.47450987853188414,0.0,7,0
5,ST,6.510564724390643,0.14191162010093428,2910.8103937594333,6,0
11,ST,4.373313533741665,0.3038050928099323,480.6793961685046,7,0
12,ST,6.274699057441806,0.8823541963905104,69.37928897122072,7,0
41,SP,7.802616268264818,2.98301907531516,0.0,7,0
56,N,0.0,1.407379099172909,0.0,8,0
17,ST,4.076775870385412,1.4858109532279755,32.369427923723165,8,0
16,ST,3.4307824058933867,1.6998920813417584,63.62134810529748,8,0
1,ST,11.673523747465355,0.12777937231356518,1850.497253623287,7,0
31,SP,6.605070894702146,0.07210322574266555,0.0,4,0
38,SP,5.755537267602786,0.16639468534152774,0.0,6,0
16,ST,3.062332550442446,2.2880631684236357,117.59383431460968,8,0
56,N,0.0,0.042358009751227464,0.0,4,0
12,ST,4.688706595825381,0.7819313845547999,436.05846764357693,8,0
16,ST,4.794929668698929,2.645987703227381,67.09984235026047,7,0
6,ST,7.5898063400799884,0.21353861771035243,535.4870769497866,6,0
38,SP,8.3518091429852,0.4453128528370659,0.0,5,0
43,SP,4.99061942518987,0.308678869723519,0.0,5,0
13,ST,5.428946765375004,0.7553726464249858,261.33030019333523,6,0
36,SP,9.881345481502828,0.7823087937741919,0.0,8,0
4,ST,8.754869069827295,0.3771789172068614,1097.220980333339,8,0
5,ST,6.389968075672054,0.1409600746608981,4517.867056633842,6,0
25,ST,2.036292624693771,23.60680219240877,0.8592505226572559,7,0
7,ST,7.268024335676208,0.2818607285052829,912.0693854430999,7,0
3,ST,9.568073756064667,0.3281462318112746,1633.224846943932,8,0
9,ST,5.2401716887616345,0.13651232573933697,276.02515852970345,5,0
8,ST,8.65663125949049,1.129846323458842,34.27568893295777,8,0
20,ST,3.640365601527739,2.547168042296244,6.480409185185787,7,0
56,N,0.0,0.1933497593242221,0.0,5,0
3,ST,10.433270515200615,0.30348158151487076,1251.8313639591922,7,0
24,ST,2.160506721695087,7.8645443753429465,0.8910412132156293,8,0
18,ST,2.7655657819660755,2.2966581791645932,38.912642102956866,4,0
3,ST,10.371005262305937,0.2457455059555249,977.8781558259226,6,0
5,ST,8.152638331408466,0.3301542135290457,1227.6082470592412,7,0
6,ST,7.763833176662366,0.32565154662556167,792.1645892233437,7,0
8,ST,7.294286811777603,0.7518288596933778,384.9988789101721,7,0
56,N,0.0,0.07008283060127912,0.0,5,0
6,ST,4.724369626795289,0.11805433019784031,2069.5853016817414,5,0
5,ST,7.947842354961094,0.2570348341518313,579.7109993918011,8,0
14,ST,6.052708016724136,2.0437326744320514,59.7775785417119,7,0
47,SP,5.789024532868557,1.507401719093535,0.0,7,0
24,ST,2.0460745174583193,15.94480036229131,1.1262860527722438,8,0
37,SP,4.266503871917843,0.0759147429446146,0.0,4,0
56,N,0.0,4.073940789589875,0.0,5,0
56,N,0.0,0.12464517946778587,0.0,4,0
10,ST,6.916126400011983,0.7812889224655276,377.95319406840724,7,0
56,N,0.0,0.45752048636002474,0.0,4,0
12,ST,3.7333733329768224,0.26895207404804244,376.4693613206987,7,0
11,ST,6.839326228904932,1.047865087639583,119.18087088132863,8,0
10,ST,6.949463149941394,0.9530049555862983,250.26675589340113,8,0
13,ST,4.391956507555264,0.603824498435491,39.3168350509517,6,0
5,ST,7.224258103562046,0.26665123690802367,2028.2816329911193,6,0
49,SP,4.992849706630026,2.3477067669963514,0.0,8,0
17,ST,4.570561930858165,1.793827800616512,48.249732705630386,7,0
47,SP,4.438528940686575,0.5991702193523749,0.0,7,0
13,ST,4.4928905628844,0.7123370630116402,22.023023144710443,5,0
8,ST,8.034332463646045,0.5692654262897466,204.6751356344889,7,0
36,SP,4.527441751049105,0.0703137992302158,0.0,4,0
8,ST,5.623230936133121,0.2760952502906445,508.05681007686024,5,0
4,ST,8.24915398604611,0.21469464360288898,1005.725486005881,7,0
30,SP,7.540007271409563,0.05705109983926559,0.0,4,0
14,ST,5.350536411052757,1.254096512884633,256.71347106466794,8,0
37,SP,8.922580506200909,1.1723924440778128,0.0,6,0
4,ST,5.286742756047036,0.062212440069707386,7140.704614888076,4,0
9,ST,6.718317894780551,0.38309811544690264,772.6623512756289,8,0
8,ST,6.956187795675805,0.7400020850863631,828.4998921742186,7,0
31,SP,7.349154296456231,0.07219668432464656,0.0,4,0
34,SP,9.005063096761491,0.10806529094521905,0.0,5,0
31,SP,10.528299382131307,0.3053869744155072,0.0,8,0
49,SP,4.317160979235262,1.593072447639603,0.0,5,0
12,ST,7.007217349037433,1.9166965196218937,47.008111166736455,7,0
56,N,0.0,0.4771096159281656,0.0,5,0
23,ST,2.011573158587928,11.010878869929412,6.288689393568302,6,0
33,SP,10.214856667378799,0.3671925173619556,0.0,8,0
56,N,0.0,0.4397586704748984,0.0,6,0
56,N,0.0,0.1800629516600978,0.0,6,0
33,SP,5.296553193376305,0.05699988124403922,0.0,4,0
40,SP,7.7535560595826825,0.7407705094187325,0.0,5,0
6,ST,9.021714005496436,1.0079611990583892,62.2770984635446,8,0
5,ST,9.688191597711857,0.8402471547221854,244.0247342262096,7,0
56,N,0.0,0.48273035403717246,0.0,4,0
18,ST,3.5446774239912235,3.74761765414238,31.757659541515284,7,0
1,ST,5.255952265501086,0.08101330442808714,17188.135990441242,4,0
56,N,0.0,0.06221173305925373,0.0,4,0
4,ST,6.495857139967838,0.19195947071280778,3670.677992989388,7,0
42,SP,4.773330764980284,0.2511814245067254,0.0,4,0
23,ST,2.9948813365880174,20.3894773293714,0.4837978104908192,8,0
12,ST,6.360308369762439,1.5638918958906478,131.74218226991968,7,0
37,SP,8.136966471818802,0.2864522186383717,0.0,5,0
56,N,0.0,0.07578664837282824,0.0,5,0
7,ST,5.750923233926697,0.19359092746140935,1452.7414066363733,5,0
2,ST,6.9781049319724024,0.05726387322462373,8196.311419160691,4,0
43,SP,5.883494850671554,0.6446461159125569,0.0,5,0
56,N,0.0,0.1435718665412964,0.0,5,0
52,SP,2.8420682214907647,12.69664772208152,0.0,7,0
6,ST,6.160073379792322,0.20952312328046283,569.2061621105635,7,0
7,ST,5.769236121844049,0.14581069191125998,692.67857327089,5,0
19,ST,3.7506150886104614,2.445324779349269,13.784602280621137,6,0
10,ST,4.47794207808252,0.21296651031688613,726.7804811267997,6,0
6,ST,7.806941784967287,0.35461236391762424,873.7312848754152,8,0
18,ST,4.461583580662503,4.5341897598088865,12.048149553816017,7,0
15,ST,3.1368450945165782,0.6937677871610626,38.56270176550077,5,0
8,ST,7.258406699580825,0.3042539714664476,779.4274802464621,6,0
39,SP,7.327709860495893,0.4142165046830794,0.0,7,0
56,N,0.0,0.2785767821943054,0.0,5,0
9,ST,4.967011191434455,0.1357978050450935,762.3825803314877,4,0
8,ST,5.420651865061974,0.13153960881207985,1073.8297847615968,5,0
49,SP,3.2014956445301865,0.6899230221411908,0.0,4,0
35,SP,6.506174374769786,0.09554078349319733,0.0,4,0
1,ST,11.011392245721167,0.3135907412817726,2376.705947747842,7,0
15,ST,2.2657720602413556,0.8554717625568476,73.88329386777615,7,0
5,ST,7.054481671137112,0.2164372753689453,1980.4422249615166,5,0
40,SP,3.8736479749530615,0.14696052739147328,0.0,4,0
21,ST,2.7158192412327766,5.568549769173263,13.825079204051944,7,0
27,ST,1.8448386156196024,40.84650625855861,0.24789981073654677,7,0
29,SP,6.288718169520323,0.038008404870527784,0.0,4,0
31,SP,7.50377606521294,0.0726864211180198,0.0,4,0
38,SP,8.478033207435425,0.8533714635438914,0.0,8,0
22,ST,3.605232934958244,8.959953576039052,3.0674888974893832,8,0
