rank,hover,alpha,size,ctrl,num_props,quad_flag,distance
1,ST,14.793016148277056,0.09879402546807657,6866.003597900848,7,0,inf
1,ST,11.388560945766296,0.02322300893717811,165935.48972105474,4,0,inf
1,ST,14.465023896288356,0.09078729017268736,7866.271765833458,7,0,0.8180784773594834
1,ST,14.188429622293809,0.05701379600862336,22879.36436113157,6,0,0.6497271313974023
1,ST,11.862402249916961,0.023826417892904163,142402.72268288996,4,0,0.7950162295514902
1,ST,13.021197031779527,0.04043579054644457,75275.49396245088,5,0,0.10585317636732257
1,ST,13.369866250038971,0.043810766925839545,62993.30172354868,5,0,0.4651452187491535
1,ST,13.84062512509532,0.05228187440488301,25169.532164617674,6,0,0.27575777730005063
1,ST,13.702778192185196,0.05211290505647895,23064.430239527486,6,0,0.14369411643427107
1,ST,13.66523352490832,0.05219671407998639,23551.724178326083,6,0,0.09959572053083454
1,ST,14.030747145103232,0.05311899933536035,24299.84881825,6,0,0.04387102070500485
1,ST,14.108502294634986,0.054102610466123406,24379.696303384844,6,0,0.06256893729332857
1,ST,14.119227190606528,0.05585940634170099,23367.141388589775,6,0,0.06391111384604482
1,ST,13.929931520322475,0.05245793452138617,24104.113122366834,6,0,0.061453351924718555
1,ST,13.771221256483349,0.05222783460833668,24339.075288518798,6,0,0.04039881892618901
1,ST,11.855625905280837,0.023749517356705913,146274.18191952092,4,0,0.02066929413963337
1,ST,11.859801426039567,0.02377581297115253,144083.4779672363,4,0,0.024433549009165768
1,ST,11.851984763702589,0.02370262034541222,147434.99315959786,4,0,0.009878880341175268
1,ST,11.848862164334461,0.02367966090558176,150822.37956927897,4,0,0.011167490390384387
1,ST,11.844722616007033,0.02350451915622915,151964.7712996787,4,0,0.013265938914335704
1,ST,11.844329642607864,0.02351970398143005,153272.83780652544,4,0,0.011902250258523345
1,ST,11.846353965733778,0.023514348736117824,151179.43065151531,4,0,0.007788499254273185
1,ST,11.842028412435672,0.02348691416192126,153831.5470918474,4,0,0.007291244119655066
1,ST,11.827047221415146,0.023429838564672578,158158.22175534017,4,0,0.0006003081579928472
1,ST,11.848507597521113,0.02358517781808959,155175.18249553168,4,0,0.004796953675825524
1,ST,11.842015622319911,0.02348511169651818,154475.10907346578,4,0,0.004284241091713106
1,ST,11.39096779896519,0.02322346036275207,165776.5092540002,4,0,0.002105788151605643
1,ST,11.831963053578422,0.023460347655569334,158785.166338468,4,0,0.0011590178809071509
1,ST,11.405223022377324,0.023223399357802318,165572.45231611654,4,0,0.00245252801636199
1,ST,11.841243362614646,0.023527523301930694,157144.70735922773,4,0,0.001465019524893269
1,ST,11.406271507043758,0.023223553316517744,165299.96628503525,4,0,0.005715816391988355
1,ST,11.841798817532641,0.02349040012812786,156383.40507850712,4,0,0.001789801055830913
1,ST,11.819623385559575,0.023404678208563956,159711.69471838727,4,0,0.003419517176300707
1,ST,11.768084578049534,0.023319194654254822,159378.3017942124,4,0,0.0027982059131841782
1,ST,11.8423662936564,0.023510805928686315,154849.47273766945,4,0,0.004269760745726896
1,ST,11.832066905481483,0.023444151356901873,157274.8726950113,4,0,0.002751043636912744
1,ST,11.677620959481933,0.0232780938314177,167267.60591498052,4,0,0.0003769023297266973
1,ST,11.576299924974963,0.023291101396631094,170810.75785520076,4,0,0.0009848427540480823
1,ST,11.822641568952314,0.02342501298174107,159429.063926039,4,0,0.002129306608960782
1,ST,11.73283017525339,0.023302060652251166,163869.5613789926,4,0,0.0007402309471326543
1,ST,11.763920423626876,0.023321992830223737,163689.5222617445,4,0,0.0012375407849494527
1,ST,11.826938306929769,0.023436458121480982,159116.57083299727,4,0,0.002390436100886248
1,ST,11.716474706196301,0.023282027254920894,163449.6998326216,4,0,0.001851355399278031
1,ST,11.774673107715438,0.023323099345289394,163093.13855504303,4,0,0.0007425872318929293
1,ST,11.771649809639845,0.023330011551353863,163201.35334081648,4,0,0.001563955592477461
1,ST,11.636497289918704,0.023263736244599018,167345.93857293087,4,0,0.00042368734342108233
1,ST,11.720820328328605,0.023283818126370003,161128.33743051247,4,0,0.0012947094217227043
1,ST,11.811917219594719,0.023393574746837537,160920.6345976536,4,0,0.002212841653889603
1,ST,11.709839505650905,0.02328474878909,164898.30880777337,4,0,0.0003492306377784958
1,ST,11.810257598690816,0.023395513779711333,161009.0004397089,4,0,0.0011314245900130953
1,ST,11.733827365447103,0.02331725016264955,165047.84197684712,4,0,0.0005514379351869211
1,ST,11.66839323713375,0.02326851694349271,166365.86939264566,4,0,0.0012835368750360005
1,ST,11.748272764484687,0.023299786402513786,162908.39468971506,4,0,0.0009329257994368758
1,ST,11.712700637183135,0.023289146285922824,164909.243947246,4,0,0.0002250796536825155
1,ST,11.803141059433178,0.023371557661266817,161411.9878996482,4,0,0.0006282264831785259
1,ST,11.639661390167694,0.02326235566757484,165260.11123969173,4,0,0.0007864105261992458
1,ST,11.776848306246508,0.023331650681937672,163210.23000783895,4,0,0.0010723180269030924
1,ST,11.662174231382835,0.02327364302971304,168317.44095392662,4,0,0.0010668463148262226
1,ST,11.650914358292955,0.023265789491055552,166927.72539275623,4,0,0.0007572442537460431
1,ST,11.691694531647864,0.0232947939696519,166823.1430039088,4,0,0.0003545398034977801
1,ST,11.74415860932911,0.023291827597313942,162790.96690683925,4,0,0.0019599600173803348
1,ST,11.820916174002644,0.02341753870140379,158887.9933366498,4,0,0.0016129546250057897
1,ST,11.783263447258044,0.023345695743063808,162708.43436052743,4,0,0.0009023519016937932
1,ST,11.699753195456465,0.0232805564735423,164431.43014743962,4,0,0.0004910553716452117
1,ST,11.807049314635377,0.02337325029286324,161231.7550490306,4,0,0.00036734854181150385
1,ST,11.658571302610412,0.02327117674797965,167664.69899140866,4,0,0.0011436394393818628
1,ST,11.655032598230697,0.023292168031870192,169209.646070045,4,0,0.00023388057671416444
1,ST,11.801745397417557,0.02337327374157745,161661.9730471986,4,0,0.0011996354214197573
1,ST,11.718770705068232,0.023280343838255852,161232.86484077916,4,0,0.0006270276129447778
1,ST,11.824725475671103,0.023459090999911378,159827.3096228839,4,0,0.0012825258243971305
1,ST,11.753203832496805,0.023301580401323678,159849.85339814055,4,0,0.0018217964632189555
1,ST,11.735297939397896,0.023288431534918105,162889.01303170467,4,0,0.0008418516095872317
1,ST,11.737341906760898,0.023290275285821505,162974.502348798,4,0,0.0008403192226235701
1,ST,11.813891561626994,0.023413099165315487,161325.56331783574,4,0,0.0008562902994972588
1,ST,11.697976033399598,0.023277357180768815,164202.6726139856,4,0,0.0006815295277440262
1,ST,11.754845553136471,0.023305619539075534,163066.4367693149,4,0,0.0007133607232668772
1,ST,11.689112309922287,0.023276227784688835,165812.07824726342,4,0,0.0005260254469310335
1,ST,11.79087856544871,0.023349396410850962,162401.4599801012,4,0,0.0009924658322201622
1,ST,11.628160096967363,0.02329539005421324,169949.3125312099,4,0,0.0003363343096752326
1,ST,11.723042083098386,0.023291835688179035,163568.04276780327,4,0,0.0013763309029846999
1,ST,11.822636508360432,0.023420485239379705,159044.61186289488,4,0,0.0011228355298487924
1,ST,11.795838620740799,0.023375498673562898,162320.49219140375,4,0,0.0010200781430478158
1,ST,11.8274199076466,0.02344139581215744,158960.89232257247,4,0,0.0007108968802527289
1,ST,11.389546040124594,0.023223176873804718,165663.44862008072,4,0,0.0005242032303871586
1,ST,11.670134424891733,0.023270632197449785,165572.23281862447,4,0,0.0010982916025071535
1,ST,11.70663502467433,0.02327910337107817,162289.0431977226,4,0,0.00013979643028326635
1,ST,11.638395051974367,0.023261787671643407,167099.09234779823,4,0,0.0006242547009841454
1,ST,11.800674933852205,0.02337117066737348,162190.2877092026,4,0,0.0006367351927631644
1,ST,11.813200506680968,0.023406275494782344,161188.1430430952,4,0,0.001038594646486894
1,ST,11.747134275498913,0.02331728213552075,165205.28911361235,4,0,0.0005452956450271231
1,ST,11.723855159887366,0.0232915107340041,163317.5834097288,4,0,0.0017172549424045941
1,ST,11.825767974937664,0.02342545533623472,158964.2037080752,4,0,0.0005464871778756335
1,ST,11.837511038536167,0.023462762332778414,157223.4477186889,4,0,0.0006480906918842518
1,ST,11.698411705566844,0.02330511443956513,166966.15355182262,4,0,0.0005918434359934884
1,ST,11.755550380778976,0.02331902548079931,163992.32093006282,4,0,0.0007079842878365255
1,ST,11.702563133917936,0.023300324940657004,166567.21869337346,4,0,0.0005384752612015453
1,ST,11.816114387486623,0.023409788152516056,160662.89464434094,4,0,0.002637156115942383
1,ST,12.847193971759868,0.038435103010651,65715.01133615637,5,0,0.051511998112223845
1,ST,11.481526639867683,0.023226010023850226,168132.42705351554,4,0,0.004686862901514932
1,ST,11.762833900874178,0.02332085296993113,163210.40081745,4,0,0.0012211337169690593
1,ST,11.626475568831479,0.023264672881410188,169223.93136347813,4,0,0.000777939620994704
1,ST,13.250553483728071,0.03991286731365847,63633.66052539371,5,0,0.05053636341125817
1,ST,11.737741513039516,0.02334380509324123,166095.85781404842,4,0,0.0005369418590714252
1,ST,13.270444868065153,0.04261273498742634,69460.77796904556,5,0,0.07833058209787644
1,ST,11.659539018763136,0.023270484948099107,167622.09215520686,4,0,0.0003784008607851012
1,ST,11.655500792259211,0.02326913794594348,167620.630242998,4,0,0.0005022447045911181
1,ST,11.83771125977623,0.023461486603670506,156449.61418807172,4,0,0.003396234106752017
1,ST,11.800117498385879,0.02340259603887,163129.35172193797,4,0,0.0008157894295089167
1,ST,11.648957915104889,0.023266936519347785,167263.59982852885,4,0,0.00014646621095400062
1,ST,11.688390357939227,0.023275966413232606,165296.59505697817,4,0,0.00024308768603048086
1,ST,11.783433401695808,0.02332838144318206,162129.30396624943,4,0,0.0008088437516908159
1,ST,11.712295217134004,0.023296838859600728,165073.67438585378,4,0,0.00025395940713937863
1,ST,11.530134864077842,0.023232427907579158,168254.2699775054,4,0,0.0013742739540362448
1,ST,11.621109720565963,0.0232567058408037,168398.71896590208,4,0,0.00045348420855062814
1,ST,11.754588084866604,0.023318385009458084,163264.3426618572,4,0,0.0008537915420316917
1,ST,11.860292224215199,0.023778327366759694,147646.39910942828,4,0,0.0031142731854450923
1,ST,11.53454609923551,0.023234102221451544,168361.8383026892,4,0,0.0013103560784514965
1,ST,11.628044417607382,0.023289580027767546,169929.22786531766,4,0,0.0005344094850533449
1,ST,11.61276523980584,0.023256619405504452,169131.74208251113,4,0,0.0007549102140071008
1,ST,11.397983017393393,0.023223533373279547,165591.97680448956,4,0,0.003085699534402389
1,ST,11.602760200226019,0.023250290612442673,168779.15953498657,4,0,0.0005752818900213324
1,ST,11.833454791560792,0.023483329207690706,158328.75031451997,4,0,0.0035376168353304163
1,ST,11.774816601766993,0.02337489792061803,163697.02351096174,4,0,0.0009478373315065689
1,ST,11.603506862198273,0.023311886252180922,170433.96020790006,4,0,0.0006009723351878069
1,ST,11.659661551633212,0.023270348856891502,166535.91746325127,4,0,0.0009222882749299874
1,ST,11.806874556944445,0.023381445815024042,161305.31802885016,4,0,0.0009327254822403961
1,ST,11.67875583409869,0.023283988627638186,167174.54922551793,4,0,0.0003570356303508872
1,ST,11.76757024118607,0.023315356597698077,162998.39577570377,4,0,0.0009637290202202562
1,ST,13.007188618322056,0.03855167063278575,68929.18300509735,5,0,0.07275914949062684
1,ST,11.571267902190232,0.023279807596211295,170976.81307630267,4,0,0.001125367974042951
1,ST,11.782708220994182,0.02333602072446543,162239.74057762363,4,0,0.0007426955811369923
1,ST,11.70520635778704,0.02328801237116631,165408.25564381923,4,0,0.0008886415522492611
1,ST,11.70109861184667,0.02328146197688317,165269.45451137476,4,0,0.00042873031038844075
1,ST,11.731979448387214,0.023308990602425778,165673.38733572027,4,0,0.000364375348711027
1,ST,11.389054491996339,0.023223273070687188,165902.9286712957,4,0,0.0005376489639226298
1,ST,11.390446459724926,0.023223196916706882,165809.07691063976,4,0,0.0004622299302241873
1,ST,11.698136862502409,0.023340900833472414,167185.47295094596,4,0,0.0006373159050118798
1,ST,11.628472712224077,0.023253119658441197,167097.68524175286,4,0,0.00031632796210739655
1,ST,11.715297328937696,0.02331018683296556,165707.4405428096,4,0,0.0006874557676660593
1,ST,11.59859059121445,0.02325000554633653,168589.56265732643,4,0,0.0008694622277349668
1,ST,11.70356831526995,0.02328704467871642,165079.45010284556,4,0,0.00035935326504612613
1,ST,11.657416451179948,0.0232835993648988,168365.6976597358,4,0,0.000563644113435353
1,ST,11.674418650011386,0.02329641616558335,167838.1330123718,4,0,0.0003372233754466543
1,ST,11.718531167874065,0.02329722335100512,165164.21611090476,4,0,0.0008043127891572924
1,ST,11.837918163948371,0.023462010046767255,156932.55074760987,4,0,0.004972917924969259
1,ST,12.760126493368064,0.03747128744890175,69313.35316607633,5,0,0.02717109210558033
1,ST,11.79517643288815,0.0233593900794452,162146.92301451377,4,0,0.00038499677277204815
1,ST,11.636548830571428,0.02326676802809781,168278.4571771383,4,0,0.0002745016747563023
1,ST,11.644997259896806,0.023289468192677874,169435.32695389117,4,0,0.0008946706697788699
1,ST,11.581043667460833,0.023256909711033263,170635.00954242537,4,0,0.0007460973683351883
1,ST,11.856365537266488,0.02375203303984057,147866.3045376545,4,0,0.013014170804112664
1,ST,11.608879504322683,0.023252037578431774,167442.74342672172,4,0,0.00027804976498643167
1,ST,11.813843068690296,0.02341127509267462,161333.70504530714,4,0,0.0007513190556825062
1,ST,11.450725061226176,0.02322560323694422,168514.5699935062,4,0,0.008401078956629417
1,ST,14.020226540623293,0.05277025540247814,24575.427054977743,6,0,0.041811196006609215
1,ST,11.581321074564691,0.02329636875117613,170865.69879995208,4,0,0.0011402979399735788
1,ST,11.834379278046816,0.023464545791032822,157917.51702533654,4,0,0.0015148533144512723
1,ST,11.674611991676711,0.02329129514454508,167568.50143040076,4,0,0.00044131353940570194
1,ST,11.779671085439235,0.023398574377255038,163400.8172168722,4,0,0.0010238781141506522
1,ST,13.184004417478478,0.03955315797354082,71180.51615050562,5,0,0.07086305150415802
1,ST,11.7435093154004,0.023294891825117736,163097.6231327492,4,0,0.00041374980758536375
1,ST,11.77830387507458,0.02334822211649692,163067.17432806204,4,0,0.0009253105191266969
1,ST,11.719434235481309,0.023314523818582525,166749.80417032304,4,0,0.0005434204599247196
1,ST,11.785767858794674,0.02333791272234932,160646.35305281382,4,0,0.002686076896477486
1,ST,11.836476675843864,0.0234491969001863,157655.71267545363,4,0,0.003798248756273811
1,ST,11.73668201236934,0.023312072010293176,164267.8560605449,4,0,0.0008582095830904464
1,ST,11.739902381014588,0.023303865522794367,164090.05311346165,4,0,0.001586291135989953
1,ST,11.498909247015238,0.023228165490034224,169274.37002457317,4,0,0.0011503055596209244
1,ST,11.712366621252242,0.023288222443728936,164723.47824545606,4,0,0.0005129477347454145
1,ST,11.633874491273387,0.023264661004702026,168928.02238446052,4,0,0.0008591612131828219
1,ST,11.663650350993167,0.023280466339822125,167963.47176543155,4,0,0.0007086895339476056
1,ST,11.467531077484773,0.02322585840211737,168033.25509752086,4,0,0.0011454696934259084
1,ST,11.706548774468825,0.023287867688099824,165300.24666440013,4,0,0.0006535457594584494
1,ST,11.704235889409974,0.023282744348441946,164878.52328580973,4,0,0.0005186720708855185
1,ST,11.680571005487769,0.023280251198556284,166866.85348286174,4,0,0.0012405135142902026
1,ST,11.755727480485762,0.02331921729476412,163279.75228773826,4,0,0.001583798764124017
1,ST,11.68696496768099,0.023289559662579336,166878.64465341228,4,0,0.0011004803470499379
1,ST,11.831353064867,0.02343673104267076,158695.98828074278,4,0,0.002775430636752995
1,ST,11.75099604938883,0.02332461187728739,164374.52347022167,4,0,0.0011353196561438234
1,ST,11.848632716463522,0.023541107926101368,154536.09497300838,4,0,0.003068943844037146
1,ST,11.607911802825354,0.02326662429769237,170105.641441561,4,0,0.0006308953143186267
1,ST,11.712054161536294,0.02329348710372583,165094.84391146398,4,0,0.0007641067986853894
1,ST,11.612151001054826,0.023253331245859862,168883.16379952096,4,0,0.00021817232012667537
1,ST,11.612134161060995,0.023272514527705568,169990.1288338407,4,0,0.0005466702167163522
1,ST,11.591093186622198,0.02325953987318416,170223.53193082064,4,0,0.000659472897582558
1,ST,11.641101742787443,0.023266770931466327,169397.6769018078,4,0,0.0006659893313208322
1,ST,11.62267893575709,0.02326166338828341,169085.2754449993,4,0,0.0008339976005821606
1,ST,11.752815946398695,0.02330145623167946,162626.82904768764,4,0,0.0008007966906773741
1,ST,11.653126846758443,0.023270941742544248,168171.9051700777,4,0,0.0003934255113621386
1,ST,11.634175176212382,0.023261394309267353,168151.82105496482,4,0,0.00034375117995865854
1,ST,11.807374189613602,0.023379499047653195,160236.62454999972,4,0,0.0033500327847160293
1,ST,11.794735850386818,0.02335339398746014,158717.49234350695,4,0,0.00034135108822498807
1,ST,11.794396832207813,0.023353671595420174,162335.22054865985,4,0,0.00024483091227547204
1,ST,11.78768393247779,0.02335395841300589,162878.4391721286,4,0,0.0013599371688174592
1,ST,11.671689818912336,0.02327318111296909,167611.112730435,4,0,0.000921493368632348
1,ST,11.708058194955816,0.023293532900070593,165445.95582282313,4,0,0.0006512927960306065
1,ST,11.734350612169427,0.023315302831217036,164962.7021462377,4,0,0.0008839488018067509
1,ST,11.465681439160623,0.02322729710073796,169158.13842595977,4,0,0.0026592113948479996
1,ST,11.24007376405697,0.023387619620079732,175333.77889068876,4,0,inf
1,ST,11.601901116886037,0.02326117692445403,169895.24760039645,4,0,0.00030384922055584857
1,ST,11.800058161010206,0.023362835995128187,162075.13659052918,4,0,0.000760671273605201
1,ST,11.771820543130188,0.02334325714318109,163622.1342886728,4,0,0.0008752979502397703
1,ST,11.766555364054518,0.023333959540855025,163857.17918195686,4,0,0.0012454185532966336
1,ST,11.792617127703554,0.023349953190354517,162092.44341030548,4,0,0.0001958191798171563
1,ST,11.784987560737541,0.023345501313411305,162294.63503649342,4,0,0.00026541784590182346
1,ST,11.685124392435336,0.023274755630930816,163274.3397050194,4,0,0.0006193385818212146
1,ST,11.700151084960517,0.0232787154333094,164221.93527700147,4,0,0.0007755735008050708
1,ST,11.65233465696965,0.02326649150650678,165996.29366901785,4,0,0.0007038976571118955
1,ST,12.82832847831458,0.03748552421759297,71621.11632966012,5,0,0.061566699083110785
1,ST,11.645767671966471,0.02328019532843661,168945.6722569675,4,0,0.00030753848152996363
1,ST,11.594009832157528,0.02324547341305616,167632.19124181735,4,0,0.0004185545710841999
1,ST,11.619550924726406,0.023265012997560005,169824.5783011749,4,0,0.0006050058518710319
1,ST,11.702824641568869,0.023281603482267037,164428.0171837867,4,0,0.000400152058600131
1,ST,11.718767981752869,0.02330055050870432,165036.59264981296,4,0,0.0003996888226251505
1,ST,11.78530884145712,0.02334467726035256,162237.05098001132,4,0,0.00043378510481823895
1,ST,11.603736678847413,0.023253256525045375,168946.04580075268,4,0,0.0003133368670958491
1,ST,11.568567261436456,0.023247785807597912,170035.58957100744,4,0,0.00048141429633047903
1,ST,11.854562753361677,0.023729170769839082,147723.51435216793,4,0,0.002716222644663483
1,ST,11.760243536046177,0.023320504477897193,163868.58036233086,4,0,0.0014508162408161255
1,ST,11.763702702711996,0.023336123878803808,163992.40811360817,4,0,0.0008671333410036131
1,ST,11.792389877735543,0.023368790656816688,162420.47098892968,4,0,0.0007875432767656389
1,ST,11.827679247142216,0.0234322643241566,158731.92436660946,4,0,0.0010527416168362542
1,ST,11.731792290347487,0.023295701548301476,164391.17096840855,4,0,0.0005702097067322402
1,ST,11.58670489007223,0.023247464744074523,167986.09619730493,4,0,0.0009620836021615598
1,ST,11.621823152437848,0.023257562573678534,168380.15606233926,4,0,0.00048674276742186875
1,ST,11.619980340991324,0.023263693840122203,169563.47514590513,4,0,0.0005714847675565395
1,ST,11.674206868081356,0.02327328787077846,166788.39589411588,4,0,0.0010798285757873624
1,ST,11.821387449106737,0.023420915660401682,160113.1550877104,4,0,0.0028061363713144842
1,ST,11.72767555368787,0.023308314967402967,165343.8892155386,4,0,0.001671949614147542
1,ST,11.721466710324325,0.023295003335717542,164877.93800150836,4,0,0.0009084712523382677
1,ST,11.597342434914012,0.0232498900858164,168697.3905559577,4,0,0.0003971152519196085
1,ST,11.579961050113416,0.023247868997178955,168904.4721200684,4,0,0.0007185200093353549
1,ST,11.803227318482147,0.0233854597768599,161655.34316610705,4,0,0.00028639668418201547
1,ST,11.80755304934472,0.023385480803778474,161134.87534083123,4,0,0.0005405400312127383
1,ST,11.607189716129987,0.02325143815583323,168245.8135089561,4,0,0.0007083949142773278
1,ST,11.630050556104703,0.023261061678110685,168561.345719212,4,0,0.000597269379441126
1,ST,11.61675788715241,0.02325785078422769,168762.05695047663,4,0,0.0006546992348263549
1,ST,11.715291483293273,0.02328664763474196,164698.47413054598,4,0,0.00024362725505571982
1,ST,11.747145885955797,0.023302922147500363,163605.01778211526,4,0,0.00046588665410998416
1,ST,11.69613626207611,0.023348583776784823,167312.5495850497,4,0,0.0011128459178462728
1,ST,11.568127734413247,0.023255142180186122,170622.0541810723,4,0,0.00036519904960849377
1,ST,11.618531225459337,0.023253203772990814,168661.6605709162,4,0,0.0011826460350339953
1,ST,11.779567808633493,0.023334018407755966,162675.65730900192,4,0,0.0006357459465126655
1,ST,11.640873410658923,0.023263906437354202,167155.61883094403,4,0,0.0005242526920953054
1,ST,11.701508539432764,0.023308597008575724,166831.43764605132,4,0,0.0006799630570249728
1,ST,11.455119288696569,0.023223721307265806,167890.9247941626,4,0,0.0026045887053199775
1,ST,11.651931954342484,0.023264589626720077,166120.62760592278,4,0,0.0014268088749509586
1,ST,11.683553978086318,0.023291182196389842,167129.58242123402,4,0,0.0006009575335736122
1,ST,11.836834243039407,0.023528727720380033,157985.1961781348,4,0,0.0017192687881279222
1,ST,11.677244666414186,0.02327467208117652,165970.7496623678,4,0,0.0005477770634394042
1,ST,11.742237819873742,0.023313177540900256,164551.06301500116,4,0,0.0016413572436998532
1,ST,11.65476942190329,0.02327187627975046,168342.85323196545,4,0,0.0002954763630757112
1,ST,12.744028606539407,0.037463695881066295,69741.8141877201,5,0,0.026553007472437877
1,ST,11.64786762116687,0.023267234490538913,167461.35856878464,4,0,0.0005999428100815285
1,ST,11.70658987485747,0.023287971791538634,165105.64175081716,4,0,0.00039873223797724235
1,ST,11.811812182570193,0.023403454029908018,160992.55998529794,4,0,0.000699190320525677
1,ST,11.731106359362734,0.023337950583454482,165974.33662546574,4,0,0.0006088245362073348
1,ST,11.568954865214138,0.023263300909938854,171482.95364531133,4,0,0.000200274224015876
1,ST,13.189788873846313,0.04062122385640908,70083.98307707021,5,0,0.051749058251567163
1,ST,11.6884688581104,0.023351329168582676,167538.73358208593,4,0,0.0006790760710051145
1,ST,11.636998678673566,0.023266187451502014,168065.2394808167,4,0,0.0004365203101253708
1,ST,11.643099025819927,0.023266996748371602,168310.90297538415,4,0,0.0008684344576625363
1,ST,11.524157878822042,0.023270719247694374,171487.6097626835,4,0,0.003780830073000535
1,ST,11.470589260900317,0.02322486486083033,166906.6673565121,4,0,0.004255385879328622
1,ST,11.7033276823984,0.02328524712788081,165925.6546616692,4,0,0.0003778861378132565
1,ST,11.730235446302942,0.02330256377907501,164436.08772072868,4,0,0.0009677708663031574
1,ST,11.709846186315536,0.02328744867011906,164993.92016043008,4,0,0.0004985125842471437
1,ST,11.707491950258323,0.023294078940404313,165510.7077705536,4,0,0.0005933150034835752
1,ST,11.836362793895187,0.02344639043927417,157117.06703131634,4,0,0.0019090208483736261
1,ST,11.833901475588117,0.02344863750418642,157177.8998673946,4,0,0.0007647310204702839
1,ST,11.629138124924847,0.023257851477381596,168084.05723441066,4,0,0.0006622045419677597
1,ST,11.60780911388672,0.023253563548204702,169728.92570369117,4,0,0.0005643784141567277
1,ST,11.74346214981404,0.023351138013700257,165651.49715326668,4,0,0.0007927316960043365
1,ST,11.529521827989504,0.023231622989722738,169006.4987866131,4,0,0.0007892066028908871
1,ST,11.620974712710433,0.023260199814455658,168999.50781020717,4,0,0.0005608666393216868
1,ST,11.538295570535103,0.023243153102211464,171271.29729012089,4,0,0.0043946764907650746
1,ST,11.634245108647537,0.02325969127660433,167175.93534692941,4,0,0.00043293533331792053
1,ST,11.795440816932514,0.023356809739550774,162049.75166380143,4,0,0.0008323515165777622
1,ST,11.792687663010453,0.02335356101606132,162181.6322565041,4,0,0.0005721802262751508
1,ST,11.62150508660712,0.023269137762850594,169799.6381317003,4,0,0.0005761857392787348
1,ST,11.69110004933966,0.023280010074097718,165862.30554275983,4,0,0.0006817811057032851
1,ST,11.48579575719041,0.023226210119991292,168517.15972679667,4,0,0.0018257161040068676
1,ST,11.691697319687202,0.023290846841441358,166801.29937750928,4,0,0.00038402039738534615
1,ST,11.614556783049634,0.023260276012316432,169547.77320212623,4,0,0.0004298893026448404
1,ST,11.56453690610195,0.023250179238670676,171011.895007266,4,0,0.002274513232460717
1,ST,11.63080549347942,0.023259311479651698,167600.38711956076,4,0,0.0006688389979959677
1,ST,11.675370171886785,0.023292835847436317,167634.77860692344,4,0,0.0004117386465602379
1,ST,11.678150927408025,0.02329298490762995,167379.58622627516,4,0,0.0007839596061563886
1,ST,11.683468469791173,0.023286457281920733,166727.87384284814,4,0,0.001167224130550382
1,ST,11.610837051294439,0.023255744067796617,169124.54864358445,4,0,0.0009855881133560094
1,ST,11.671396135970198,0.023278847837801472,167874.57773097735,4,0,0.0007562740061359675
1,ST,11.627233385879938,0.023255529682172253,168350.54822454564,4,0,0.0003528007602672673
1,ST,11.648985639878038,0.023272330214423344,168447.56421765854,4,0,0.00043430055458134643
1,ST,11.654709083411676,0.02326985873133256,167929.90329463864,4,0,0.00044949014907824344
1,ST,11.459545331697859,0.02327056940360516,172762.390305915,4,0,0.006672128972155113
1,ST,11.645023730297252,0.023266717150776422,167661.75193093548,4,0,0.0003357987960807778
1,ST,11.631995440482555,0.02326281265937104,168233.21223268917,4,0,0.0012286858891182504
1,ST,11.694157972780268,0.02332285609917782,167145.36427092107,4,0,0.0011733789620653183
1,ST,11.74082463676088,0.023315294852390207,164900.70141895575,4,0,0.0006910983325353099
1,ST,11.825801576221314,0.023422459127882884,157270.93223081596,4,0,0.0006888672390369713
1,ST,11.675925712436117,0.02327535565214724,166518.66910093065,4,0,0.001163832280203606
1,ST,11.688289475421165,0.023277185910540593,166359.57498835045,4,0,0.0005453012421604377
1,ST,11.616184841104047,0.023287712936633686,170008.70395372953,4,0,0.0005786797372955355
1,ST,11.64264877765472,0.02326546620142568,168014.9886747675,4,0,0.0006615407158251512
1,ST,11.79521644241606,0.023371382043287654,162285.03833928195,4,0,0.0003463574853318328
1,ST,11.791313567102668,0.023352983765094135,162521.04733150706,4,0,0.0007337416117538346
1,ST,11.645554677659664,0.023267301715130462,168173.01963559064,4,0,0.00023398321213982694
1,ST,11.60141248457479,0.023255914517330677,170121.35924942364,4,0,0.000799364063203102
1,ST,11.84172618453598,0.023464405544472294,156199.87535451274,4,0,0.004887197900117863
1,ST,11.636467274682937,0.023263016993602614,168180.8802796687,4,0,0.0004145949717938095
1,ST,11.467524661923397,0.023227526127969276,169199.65579865896,4,0,0.0007848216291900274
1,ST,11.599231129099469,0.023267461060538487,170317.651026612,4,0,0.0005270662028048121
1,ST,11.627206215506783,0.023279604871241737,169754.57908189012,4,0,0.0004588511127440111
1,ST,11.522095085574694,0.02324201419173502,172001.34413884266,4,0,0.0049526044583929184
1,ST,11.648710016929025,0.023268132884149507,168757.37052922026,4,0,0.00036123753321966193
1,ST,11.60559302501427,0.02325288989169221,168511.10505785685,4,0,0.0009214010135948345
1,ST,11.784765223191119,0.023337073561995617,162335.72934325013,4,0,0.0007866024745813776
1,ST,11.791642015665005,0.023348354864509153,162306.0412705246,4,0,0.00037787025228082013
1,ST,11.598271188929585,0.02327245499560701,170685.85433349185,4,0,0.0007080647894702201
1,ST,11.593903509530437,0.023263556443088945,170278.7755553603,4,0,0.0006871949691160757
1,ST,11.608817199776807,0.023270047001010312,170301.22997120343,4,0,0.00020575370338334016
1,ST,11.568907914284887,0.023249157113799164,170250.5132917639,4,0,0.0002907335096851508
1,ST,11.837483283095528,0.023486165173769027,157878.10998000743,4,0,0.0017683722273888107
1,ST,11.629376001753988,0.023263197626223836,169100.3380904521,4,0,0.00046636016281830645
1,ST,11.585372352251774,0.023259323944220187,170717.55048738033,4,0,0.0007361981774146058
1,ST,11.609307277689972,0.02326985090186713,169992.19949051068,4,0,0.0006617590040802796
1,ST,11.614219854133905,0.023264914179079468,169696.7814243589,4,0,0.000703559236564837
1,ST,11.58413254824189,0.023247901215360255,169226.6998515651,4,0,0.0005485794813762549
1,ST,12.849541956966213,0.03866834707768824,70451.36034874912,5,0,0.06479271766706682
1,ST,11.646366934037196,0.023265897519438798,167092.87557946818,4,0,0.0010921125829167805
1,ST,11.61887343897929,0.02325929849380011,168503.18348200363,4,0,0.0003580486386643244
1,ST,11.823574791390774,0.023455048052376266,159404.14452513438,4,0,0.0008260321798934979
1,ST,11.80364395336389,0.023401453877802438,161871.43381461722,4,0,0.0006632085664841419
1,ST,11.798233392049033,0.023363784899123802,162169.8518014524,4,0,0.00147244308975437
1,ST,11.578223022771406,0.023247048681957545,169696.10540337733,4,0,0.0010583250199297097
1,ST,11.52097276156194,0.02323128972535824,168753.05102199272,4,0,0.0009199763966549733
1,ST,11.60213221343665,0.023268187151387693,170590.76659805834,4,0,0.0005425475773998709
1,ST,11.624189891330397,0.023259554789478835,168688.18341767607,4,0,0.0009514337435311077
1,ST,11.626582303186096,0.023269342068190327,169867.4920645978,4,0,0.0006341311680395006
1,ST,11.80396984470521,0.023381034996800512,161466.63622916155,4,0,0.0016456407723779592
1,ST,11.578649948890666,0.023268746344097535,170800.0701585831,4,0,0.0004565004502355339
1,ST,11.732084371560562,0.023342147781918465,165945.35134715025,4,0,0.0002680282742377146
1,ST,11.581570401130923,0.02324667982486342,168499.88263380702,4,0,0.0005485799717354665
1,ST,11.591210031878095,0.023247946745341985,168431.0256704927,4,0,0.0006328340737638839
1,ST,11.703443248227178,0.023276814540722904,164143.7628189272,4,0,0.0007435957921227171
1,ST,11.751154455805226,0.023344825566214616,165406.47583534085,4,0,0.0006434011215408156
1,ST,11.666422239317189,0.023272197619461983,166681.08908825894,4,0,0.00189055613825317
1,ST,11.78843762959927,0.023348573041437323,162480.22992607264,4,0,0.0014991868748415946
1,ST,11.785821157585971,0.023346542981511103,162629.80529615964,4,0,0.0008328873140940973
1,ST,11.697403747300953,0.023283717398844644,165882.23907022562,4,0,0.0005342622841670303
1,ST,12.704421100273256,0.036929058720068506,79490.880899525,5,0,0.827053624621614
1,ST,11.60872538117358,0.023258976501746475,169583.19382742484,4,0,0.0003083351685213085
1,ST,11.313274697649252,0.02331966241930006,173610.37387612296,4,0,0.043661772531372475
1,ST,11.766690930872796,0.02332480908545809,163790.65890330658,4,0,0.0006265120485567095
1,ST,11.675490984497108,0.023276530355859845,166556.4275127459,4,0,0.00027089722442303065
1,ST,11.635471741091747,0.02325979409451777,167779.82260821585,4,0,0.0007879572794452514
1,ST,11.674671768960641,0.02327234186889744,166284.74146312405,4,0,0.0016334028061144776
1,ST,11.612283305345576,0.023263494930639166,169547.93477212364,4,0,0.00020821451365560524
1,ST,11.597051526510974,0.02325086863188463,169202.0639947427,4,0,0.000708301703440965
1,ST,11.83053272224549,0.023442824735786526,159394.11226066973,4,0,0.0007188115980756477
1,ST,11.811346297686702,0.0234036520500375,162061.34911617704,4,0,0.00045365899604089507
1,ST,11.690239143851386,0.023294322198958557,167422.7470003271,4,0,0.0005578556354153632
1,ST,11.680063562617267,0.02327662856021578,166086.65605222332,4,0,0.0003119888314083929
1,ST,11.679230024676684,0.02329639572918777,167837.96382076698,4,0,0.0005550164479578609
1,ST,11.722014874111428,0.023308363039116604,165452.94632994183,4,0,0.00029522542057047556
1,ST,11.654214699006642,0.023274650620377542,168486.44420651736,4,0,0.00041179198009960304
1,ST,11.841751182611555,0.02347849579335478,155588.12452235437,4,0,0.006351422726434314
1,ST,11.629961520718938,0.023259468741574186,167752.9599453983,4,0,0.000876072147526906
1,ST,11.630518952042479,0.023265092746352987,169295.20667980335,4,0,0.0007334541101710237
1,ST,11.584715697723334,0.023251363189228786,170377.58498442193,4,0,0.0006729238003888099
1,ST,11.791274758695572,0.02334817889278835,162390.85174145995,4,0,0.000534820915083189
1,ST,11.584532452716207,0.02324822336539832,169553.2807600131,4,0,0.00026612816381869025
1,ST,11.746884027964725,0.023324540839589174,165530.1462998373,4,0,0.0012227400204008014
1,ST,11.65698679610245,0.023268118460594605,167492.4460350365,4,0,0.0010058606255493902
1,ST,11.719527049389386,0.023292191225425418,164268.39056866118,4,0,0.0005970235077666133
1,ST,11.7322477213745,0.023301246713947565,163746.3913644472,4,0,0.0005012340574059278
1,ST,11.592439411912054,0.023248048304650097,169456.21597533143,4,0,0.0009191549043654373
1,ST,11.57214719636569,0.023260375619541106,170736.5407643705,4,0,0.0007453994506056673
1,ST,11.664071044998272,0.023271306814253972,167786.86187131915,4,0,0.0005901688525898189
1,ST,11.654684129464096,0.023268351497073597,167892.2285781617,4,0,0.0003672083448237975
1,ST,11.722256756801894,0.023307703241290844,165053.10597782786,4,0,0.00047811989223539597
1,ST,11.721624806439255,0.023291492424583164,163916.7583174035,4,0,0.0008858199496851449
1,ST,11.678957696159346,0.02328211843668259,167002.35654554705,4,0,0.0008941701899982634
1,ST,11.702774975751737,0.023283838584691217,166548.11633107718,4,0,0.00019760393950197407
1,ST,11.68918870440317,0.023283041615896456,166595.481080316,4,0,0.0007408593289101811
1,ST,11.707570597027374,0.023291057774315577,165369.76470471395,4,0,0.0004245372785872537
1,ST,11.824374124685523,0.023428390665760825,158994.40322533788,4,0,0.0008591604419183178
1,ST,11.791606239317051,0.023357751872622488,162670.75478663715,4,0,0.00039875949252751866
1,ST,11.708914262668001,0.023284888794272908,164914.8702573517,4,0,0.0008252764492952635
1,ST,11.64177593612655,0.023267573767698706,168875.4734371107,4,0,0.0005197094984927652
1,ST,11.655443508207764,0.023275276036722303,168692.11123198006,4,0,0.0001690668505612918
1,ST,11.425445141583932,0.02333934967703337,173503.32775503772,4,0,0.013889198313344502
1,ST,11.487016180244265,0.02325510701180998,172195.4924697228,4,0,0.0022674222156423775
1,ST,11.807155872991045,0.0233946375538912,161819.33976183613,4,0,0.0007109894856205145
1,ST,11.802812950980313,0.023382367994550856,161903.85854948082,4,0,0.0009304449428354116
1,ST,11.809782285273666,0.02338549708735396,161588.6199989791,4,0,0.0015898294726048227
1,ST,11.810753571746003,0.023400480794132518,161771.3820200294,4,0,0.0007248479146739656
1,ST,11.69228933792013,0.023280868892180003,166045.99092930954,4,0,0.0011752411781239685
1,ST,11.614820207976273,0.023256789614602882,169504.37081805622,4,0,0.0007663821937557436
1,ST,11.698583231762797,0.02331988033039231,167119.8608314517,4,0,0.0005696987454415753
1,ST,11.647630687543927,0.023288815787806137,168966.63627958336,4,0,0.000749179333953041
1,ST,11.639329050179368,0.023262373605431954,167256.40681364055,4,0,0.0008227850762962884
1,ST,11.623744494402247,0.023265932842936286,169366.29934265921,4,0,0.0006460621440082055
1,ST,11.653840748503523,0.023269818316150326,168061.74428639622,4,0,0.0005027712684154996
1,ST,11.81240019778384,0.02340383373788278,158129.14499156587,4,0,0.001401823125976661
1,ST,11.60184888525353,0.023255647531579795,169753.6635891254,4,0,0.0002925928743324767
1,ST,11.85073105830025,0.023731796200017398,149659.3746709949,4,0,0.01869494270700149
1,ST,11.59020397369994,0.0232631883224015,170626.24493595058,4,0,0.0006360195411888373
1,ST,11.519983327903804,0.023228174268119357,170162.42931337535,4,0,0.005901764382562239
1,ST,11.685117873198964,0.023273925321635754,165962.67046868437,4,0,0.0006060975920415364
1,ST,11.690770105592327,0.02330832383212727,167155.2645984283,4,0,0.0002270333405791177
1,ST,11.68818941338558,0.02329255438698484,167142.4621054569,4,0,0.00047027702727225093
1,ST,11.544142565000797,0.02323484261613141,169461.8432339591,4,0,0.001994901614396682
1,ST,11.689820844790862,0.0232791254030504,165263.23971333288,4,0,0.00032174072612380924
1,ST,11.655122493444148,0.02326631259159398,165269.46374064375,4,0,0.000279671384531975
1,ST,11.528432591970432,0.023258542405174804,171477.47413018864,4,0,0.002387232080769159
1,ST,11.772899597061329,0.02335052703153851,163795.41326560333,4,0,0.00121340675809256
1,ST,11.582883522773821,0.023246334057908893,168241.51063422617,4,0,0.0005169369132745278
1,ST,11.595080355049665,0.023249591301827657,168793.4787671858,4,0,0.0012162865678671763
1,ST,11.501948527519488,0.023226751651650765,169051.81641849983,4,0,0.006136427083134436
1,ST,11.568023111796844,0.02323696990251103,170354.65274094362,4,0,0.0014342800848745885
1,ST,11.57944228922495,0.023244619630203977,168710.20423360725,4,0,0.0006264279227578314
1,ST,11.652911512184826,0.02326721626236984,167439.20372384042,4,0,0.0003448090462322488
1,ST,11.66448811537145,0.02328266980759975,167892.2176495037,4,0,0.0006777812674146327
1,ST,11.570884038667858,0.02326695336134285,170761.3942787474,4,0,0.0009059564406737229
1,ST,11.763832023886113,0.02333648026205367,164886.81857566637,4,0,0.0001912897652841734
1,ST,11.742110557763022,0.02329799629750618,163348.7551729758,4,0,0.0009197990877701403
1,ST,11.604172011059338,0.0232521362617503,168838.2044100896,4,0,0.000983699132884601
1,ST,11.805753052337545,0.02338275733534799,161636.5987446092,4,0,0.001254522388275802
1,ST,11.545126250062427,0.023248785225143488,171196.51419030703,4,0,0.0034401696516105904
1,ST,11.79420601137028,0.02338779870659342,162583.5210945824,4,0,0.000985860425102892
1,ST,11.808031657956631,0.02340544848696456,162093.46540344114,4,0,0.000443892629183969
1,ST,11.583117139231812,0.023251251236311093,170051.9122329648,4,0,0.000773908683544549
1,ST,11.61555699399432,0.023257505764881548,169466.54339250346,4,0,0.000645161914158963
1,ST,11.272068103214636,0.023310439037895574,173384.89640525274,4,0,0.024278787911185054
1,ST,11.550850661801443,0.023235234759387956,170994.48933044894,4,0,0.00291768630628063
1,ST,11.679846113171777,0.023290251171821486,167292.4389626812,4,0,0.00037583286058486605
1,ST,11.616678224066476,0.023261277819679998,169249.06692161743,4,0,0.00044712745733633657
1,ST,11.564215952336703,0.023245257884197137,170427.77700217676,4,0,0.003127899461679347
1,ST,11.49590636443581,0.023227561032941137,170138.3004561688,4,0,0.0022916063108347783
1,ST,11.524580880640741,0.0232959146664685,172264.95715221495,4,0,0.0037675874664006423
1,ST,11.792431634431615,0.023348283939456833,162205.93560325727,4,0,0.00034329757687335204
1,ST,11.715491061451374,0.023285682096240455,164301.86426940464,4,0,0.000977383705669598
1,ST,11.712836826543016,0.023281886414070824,164459.49012973337,4,0,0.0013858890048541374
1,ST,11.498991427072218,0.023226236243581107,168870.42985567774,4,0,0.0010838156826883773
1,ST,11.491663518354766,0.023263500474032233,172164.71693721492,4,0,0.003655453288743008
1,ST,11.753242498509959,0.02331494897300368,163743.59954692345,4,0,0.00042128894669361914
1,ST,11.747614593974966,0.023314133826400837,163742.77286992775,4,0,0.0003393468632224989
1,ST,11.728300205967704,0.023297671521903374,164764.73130388223,4,0,0.001647577866229268
1,ST,11.599323764039289,0.023252088524981913,169607.91356354888,4,0,0.0003180345265545121
1,ST,11.71015852852853,0.023292548186678027,165157.6052325596,4,0,0.000924757848169954
1,ST,11.590717262482656,0.023264067612323313,170291.38874393157,4,0,0.000389794854329031
1,ST,11.599738714742642,0.023262931393713566,170249.97206573238,4,0,0.0007507459898591114
1,ST,11.637611333966353,0.023262553347987134,167282.59598518308,4,0,0.0005462339890988201
1,ST,11.395931115343757,0.023312428032511087,172887.84835458203,4,0,0.00568421525028461
1,ST,11.803495429960925,0.023399863875422214,161959.08279529295,4,0,0.0010084916948003137
1,ST,11.534025436140173,0.023234399096330224,170479.08003594496,4,0,0.001963224733985912
1,ST,11.525556801049767,0.023232995542767386,170553.88483780608,4,0,0.0016570597573377205
1,ST,11.588739239335485,0.023250319972636074,169602.37656567618,4,0,0.001139222503041664
1,ST,11.61958357251418,0.023255533279853267,168441.17004228206,4,0,0.00022059199492236215
1,ST,11.649846504776193,0.023264377521435554,166734.13444636483,4,0,0.0006799338322568964
1,ST,11.651262123052518,0.023266669277109846,166566.51861035317,4,0,0.00035169293837474436
1,ST,11.679900936109082,0.02327802996196567,166424.54156197634,4,0,0.0007818178045426668
1,ST,11.586442145877365,0.023272324742066457,170805.81988651046,4,0,0.0004402470815829523
1,ST,11.749016797444959,0.023314310082780697,164668.96187044986,4,0,0.0015922766418845554
1,ST,11.710020942388722,0.02330329065076111,166398.91085598132,4,0,0.0004486635428644702
1,ST,11.817241643408066,0.023414941109363933,161415.72832142815,4,0,0.0013707625838703767
1,ST,11.760575281348986,0.023331156117251544,165183.1927351143,4,0,0.000983778789116646
1,ST,11.621662198620134,0.02325521660434689,168283.08040726994,4,0,0.0002872429614312541
1,ST,11.569391741508218,0.023240362830947617,169904.76462461337,4,0,0.0008114299590520025
1,ST,11.578878830255919,0.02324461920013921,169361.12667494421,4,0,0.0006535335254154092
1,ST,11.715179897847403,0.023301834366405063,165465.11799217208,4,0,0.0010400983760676388
1,ST,11.847883616546419,0.023526299531088417,155124.38325959406,4,0,0.002642989610829975
1,ST,11.63630578378527,0.023266407790611107,168700.25688031828,4,0,0.00035862737437322413
1,ST,11.808277698764268,0.02338727187479997,161752.39298061575,4,0,0.0011702482741299024
1,ST,11.64566571315504,0.02328454662269684,169049.21074838733,4,0,0.00031073503039426623
1,ST,11.690511939088175,0.02327960345749573,165801.83654863408,4,0,0.0003466432102103752
1,ST,11.68930284459574,0.023280607416817325,166075.70355775638,4,0,0.00042343655797019264
1,ST,11.554652738879554,0.023246166127857133,170694.7276483772,4,0,0.003961284956851116
1,ST,11.608577670919484,0.02325242461958582,168472.16377748596,4,0,0.0004683274331420527
1,ST,11.794824610844797,0.023360323334286587,162244.0919768451,4,0,0.0004384842112927224
1,ST,11.662748202857928,0.023271903900631424,168260.72966730807,4,0,0.0005632878117511374
1,ST,11.57295467134518,0.023243975138883634,169964.02466433353,4,0,0.0013439989795553853
1,ST,11.738466412587982,0.023297144716720265,163741.1022397915,4,0,0.0008848404098594344
1,ST,11.57599261386696,0.023252782720208132,170571.87439219822,4,0,0.0011666260473758207
1,ST,11.645655124296521,0.023313754218325478,169631.6672543008,4,0,0.0005673996556132697
1,ST,11.696944846685533,0.023279311387061446,164689.31252735615,4,0,0.0005382487521172777
1,ST,11.780872173389977,0.02333082699375702,162592.81482349313,4,0,0.0011270378539399504
1,ST,11.706871122001067,0.023291760086900846,165387.99330443938,4,0,0.00046329238937992557
1,ST,11.829473736153702,0.023430943357376798,158201.75116955716,4,0,0.001847461719470421
2,ST,13.754537095614499,0.052466614473162074,23429.914061937947,6,0,inf
2,ST,11.11052895093673,0.023438065779246717,175246.93742422955,4,0,inf
2,ST,14.014100599630606,0.05292234555154103,24382.792411553208,6,0,inf
2,ST,11.399080176350495,0.023223492815690132,165485.06899131674,4,0,inf
2,ST,12.379091761941302,0.037297139759967755,76766.38060611914,5,0,0.6980771370177179
2,ST,11.85618633141779,0.023775080245538784,143604.09825772687,4,0,0.642027869642573
2,ST,13.193318974359693,0.04285969197140171,58002.41888505498,5,0,0.5481250236862542
2,ST,12.646282765850797,0.03713213528163755,70300.2968959075,5,0,0.4754214129616318
2,ST,11.852862216860467,0.0238082723169976,147612.69149496287,4,0,0.4570041218330598
2,ST,12.97836401155381,0.04005400615845267,54498.25575921061,5,0,0.2515240607746549
2,ST,12.901194059296717,0.041264581070768955,71195.0137700542,5,0,0.1063783945972672
2,ST,12.561442326532056,0.03722317600945031,71445.6855971646,5,0,0.08780073015860368
2,ST,13.183389269439232,0.04263365802282748,63564.76098247896,5,0,0.07944400220299311
2,ST,13.126583054373809,0.040461688114313,71075.07140266942,5,0,0.0767549614101599
2,ST,12.609981178826192,0.03748560292677369,74726.96969332776,5,0,0.07238637156262828
2,ST,13.093681050672556,0.0400590797767215,67309.3635238396,5,0,0.06660307556643423
2,ST,11.204804393850619,0.02334233290884175,173117.09004850974,4,0,0.056404242231786236
2,ST,12.871131552835319,0.039023920006178575,63774.837447091755,5,0,0.04677495522882649
2,ST,11.317291318592956,0.023311512011159233,172694.49370015354,4,0,0.045831959182386674
2,ST,11.22943707494628,0.023380160525054212,172913.16991200962,4,0,0.041873137001022596
2,ST,12.67432356919859,0.03775127476488206,75840.82837650897,5,0,0.03987947539813275
2,ST,12.802535228530546,0.03869780141920041,60723.34286472566,5,0,0.03826291894717197
2,ST,12.733767025455778,0.038279394316764075,70157.75833598677,5,0,0.03482183099828413
2,ST,11.84770207803717,0.023576610226251606,149955.2401534582,4,0,0.03447477840412723
2,ST,12.768131208887036,0.038833865027686314,69747.29556631175,5,0,0.031984363796313024
2,ST,12.804406243320475,0.03889379650149323,71608.8221689515,5,0,0.029896854857063053
2,ST,11.354151171650813,0.02334635845859422,172509.9584632496,4,0,0.029850475383840346
2,ST,12.853641977347651,0.03971858542339474,65382.85300895801,5,0,0.029616195485970866
2,ST,12.960573405204354,0.03881537865523493,63357.27826398182,5,0,0.02736231171104796
2,ST,12.764580620477608,0.03814695161984347,66595.51941820588,5,0,0.02674717221056191
2,ST,11.853666710603934,0.02373469293346978,146543.75491696142,4,0,0.02522985753046369
2,ST,12.801332131828334,0.03801073860955294,65952.51956614514,5,0,0.02487544225598084
2,ST,12.96298446570837,0.03944091790891848,57636.75156763166,5,0,0.02460983744910005
2,ST,12.707538100672394,0.03788900526003642,67201.94341529654,5,0,0.023891051295173882
2,ST,12.683631502403477,0.03803865469905493,67624.45079970476,5,0,0.021576425634757174
2,ST,11.443817250077133,0.023292762331038178,172468.76393999206,4,0,0.02026952551167218
2,ST,12.975596105745486,0.039964749527703826,55911.996481704526,5,0,0.02003234322650555
2,ST,11.841256037122601,0.023518767183317177,152490.70068479737,4,0,0.019902278848792906
2,ST,12.839930997339613,0.03876238258832313,61478.43462946909,5,0,0.018647295564348087
2,ST,11.850310117874477,0.02377789678792909,148280.90538799952,4,0,0.017315003365927784
2,ST,12.727904353481561,0.03881306091981093,70395.19506325101,5,0,0.01523687136983787
2,ST,11.503500677550882,0.023267146920231886,171874.15123419111,4,0,0.013397232810241192
2,ST,11.536383668218228,0.02323905837899551,170684.24813698998,4,0,0.011825491081872237
2,ST,12.820832082551892,0.03877713974856987,62260.59156901337,5,0,0.011706931196410458
2,ST,12.964718109433681,0.03957194560487337,57284.37993179966,5,0,0.011645285792051378
2,ST,11.561228540740021,0.023243608421867623,170318.93752286807,4,0,0.01132796489304546
2,ST,11.780313212102513,0.02334116154345163,160648.44343027094,4,0,0.011032710937546602
2,ST,12.80800566400046,0.03878270409772715,62747.83624021147,5,0,0.010943825032911528
2,ST,11.567257721285824,0.02326372305717397,170816.00659303006,4,0,0.01030150184076366
2,ST,12.969747942656781,0.03975818194165811,56395.21975858329,5,0,0.009942383311088092
2,ST,11.849941019052066,0.023706946249255158,147243.50098287154,4,0,0.009900056123173597
2,ST,11.815190699199626,0.023415922628005445,160070.1526288371,4,0,0.009595912930162577
2,ST,12.69755461289758,0.03807297714558932,67479.57654642937,5,0,0.00944057953039883
2,ST,11.840792019961485,0.023486573989668063,153774.25343520136,4,0,0.009366409362415472
2,ST,11.516479122041773,0.02322923729371754,169074.91368126564,4,0,0.009017422406636612
2,ST,11.84390760291184,0.02352219145197031,152966.98355299392,4,0,0.00891887681534633
2,ST,11.807239944036894,0.02338567303715105,161221.61623772935,4,0,0.008873648204220281
2,ST,11.836340945767905,0.023465160651711458,155865.08303904053,4,0,0.00866990934175307
2,ST,11.839064087862448,0.02347902286230985,154758.00531265844,4,0,0.008461502823926728
2,ST,11.531286145551075,0.023235206302620014,169770.47446661573,4,0,0.008380652660780188
2,ST,11.838215517774687,0.023468471952898057,155558.59277958347,4,0,0.008343439855351301
2,ST,12.689172495614878,0.038080939774136735,67566.17833548808,5,0,0.008240254927708336
2,ST,11.824750521705173,0.023429542739041978,158864.8418531933,4,0,0.007991468290463247
2,ST,11.81990725588769,0.02342268508562249,159836.41934739842,4,0,0.00796823472764154
2,ST,12.972537128594931,0.039873633872475035,56312.79852091338,5,0,0.007820511348376863
2,ST,11.827687838814883,0.023472723814140728,159373.74176026773,4,0,0.007689802534949201
2,ST,11.649592889561086,0.023269764945571283,167335.87179135322,4,0,0.007615589885308198
2,ST,12.812534692304071,0.03871097531425372,61901.87107871052,5,0,0.007528369445565467
2,ST,11.722078995546799,0.023303267270479093,164594.18815294578,4,0,0.007289768102373384
2,ST,11.796655551394258,0.023369401258091498,162045.58234112058,4,0,0.0072823007680061416
2,ST,11.835449640386537,0.023468528383721675,157271.38252139045,4,0,0.006789022700428649
2,ST,12.966933191005598,0.03962108592839733,56943.0798566383,5,0,0.006767132265079261
2,ST,11.833979184623649,0.02345516896268821,156676.0441762643,4,0,0.006708233964589699
2,ST,11.64125475512417,0.023268214216312193,166436.11495971377,4,0,0.006615938168097887
2,ST,12.96780697910808,0.039623750259356605,56996.26079598654,5,0,0.00650044966502681
2,ST,11.852168938482798,0.023730281991488158,147031.61109366416,4,0,0.0064223604883210305
2,ST,11.578675378633173,0.023251048720998008,166861.61311024203,4,0,0.006414279492352573
2,ST,11.748799784483515,0.023323362778030904,163994.36815229052,4,0,0.006341423929020129
2,ST,11.771206543876602,0.02332356991749183,162448.48635850713,4,0,0.006334535282836564
2,ST,11.48028980718637,0.02326427767732539,171912.19929643106,4,0,0.006271098922488648
2,ST,11.808163712911904,0.02340624763525426,161353.87477154148,4,0,0.006167410660350916
2,ST,12.81506079907462,0.03870432840161024,61561.68016256205,5,0,0.006090355828927864
2,ST,11.844145566102508,0.023535998423991046,154393.6184845969,4,0,0.006048573629259714
2,ST,11.827757231302334,0.023431422235481295,158032.29421044808,4,0,0.0059453248810448145
2,ST,11.461606470012878,0.02322682245345301,167482.54043818376,4,0,0.0059369095058684086
2,ST,11.491754115078757,0.023228064002893244,167821.45237011823,4,0,0.005815149617937387
2,ST,11.509541992775166,0.023236535443307473,170286.06848864077,4,0,0.005768234026528568
2,ST,11.83914932674072,0.02348703825835926,154237.83809047006,4,0,0.0057587746638608755
2,ST,11.68371238023586,0.023304310500109122,167334.73953114133,4,0,0.005731595031264531
2,ST,11.73616408278901,0.023313221827057914,164407.0998247857,4,0,0.005695664125225933
2,ST,11.489777084881611,0.023367196571885452,172151.68913649296,4,0,0.005672271098916479
2,ST,11.738772408950991,0.02337531806747772,164724.02626436666,4,0,0.0056437757370054135
2,ST,11.455387523310593,0.023306566493728018,171963.40364218855,4,0,0.0054899363003493
2,ST,11.469304584788425,0.02323389009185237,170141.50762666896,4,0,0.005452516316136436
2,ST,11.45095047301206,0.023225034686527746,167571.7472790217,4,0,0.005418911360685379
2,ST,12.970614057154693,0.03986363767302907,56321.91849501376,5,0,0.005390924255602141
2,ST,11.660250670889386,0.023272292535855454,168012.23348750215,4,0,0.005292033394295586
2,ST,12.812244438174472,0.038765188530132874,62289.2743243465,5,0,0.0052661266316961055
2,ST,11.833049211636075,0.023457874889952574,156702.53412554393,4,0,0.005257987815502917
2,ST,11.785015861298763,0.02335424347850201,162565.69705679754,4,0,0.005256647515806984
2,ST,11.762567005547353,0.0233400125914947,163019.18355634704,4,0,0.005233907892420615
2,ST,11.669996598117795,0.023290018201564882,166813.92413302234,4,0,0.005120641310060571
2,ST,11.807953906710292,0.02339013538414754,161703.92068769966,4,0,0.00507965629170038
2,ST,11.780991679185092,0.023391770648891634,162570.2984394621,4,0,0.0049407336331423815
2,ST,11.611760597378666,0.02326845815740102,169717.77629387972,4,0,0.0048521689855445934
2,ST,11.847068414411295,0.023531061035315756,152634.14360720135,4,0,0.004826990521016586
2,ST,11.79418620084602,0.023360926851704704,162085.44983302662,4,0,0.004754309725783061
2,ST,11.58792147439903,0.02325300503243607,169556.99646886194,4,0,0.004729720963078703
2,ST,11.828792718727685,0.02343876325489099,158502.65581604044,4,0,0.004635787331148675
2,ST,11.718959402394791,0.023302340210173512,164383.66119465584,4,0,0.004606189411214056
